common.name,species.name,1905,1906,1907,1910,1911,1929,1930,1932,1944,1946,1948,1949,1951,1952,1953,1954,1955,1956,1957,1958,1959,1960,1961,1962,1963,1964,1965,1966,1967,1968,1969,1970,1971,1972,1973,1974,1975,1976,1977,1978,1979,1980,1981,1982,1983,1984,1985,1986,1987,1988,1989,1990,1991,1992,1993,1994,1995,1996,1997,1998,1999,2000,2001,2002,2003,2004,2005,2006,2007,2008,2009,2010,2011,2012,2013,2014,2015,2016,2017,2018,2019
Common Redpoll,Acanthis flammea,0,0,0,0,0,0,0,0,0,0,0,0,18,253,0,80,230,0,250,0,493,0,2,0,0,0,450,0,0,190,330,0,220,0,353,0,1300,0,458,0,0,502,107,2,4,10,24,193,29,0,106,0,8,0,0,0,77,0,72,0,101,62,30,0,42,0,0,0,0,1,0,14,0,11,20,2,12,0,111,0,0
Hoary Redpoll,Acanthis hornemanni,0,0,0,0,0,0,0,0,0,0,0,0,0,0,0,0,0,0,0,0,0,0,0,0,0,0,0,0,0,0,0,0,0,0,0,0,0,0,2,0,0,0,0,0,0,0,0,0,0,0,0,0,0,0,0,0,0,0,0,0,1,0,0,0,0,0,0,0,0,0,0,0,0,0,0,0,0,0,0,0,0
redpoll sp.,Acanthis sp.,0,4,0,50,0,3,0,0,0,0,0,0,0,0,0,0,0,0,0,0,0,0,0,0,0,0,0,0,0,0,0,0,0,0,0,0,0,0,0,0,0,0,0,0,0,0,0,0,0,0,0,0,0,0,0,0,0,0,0,0,0,0,0,0,0,0,0,0,0,0,0,0,0,0,0,0,0,0,0,0,0
Cooper's Hawk,Accipiter cooperii,0,0,0,0,0,0,0,0,0,0,0,0,0,0,0,0,0,0,0,0,0,0,0,0,0,0,0,0,0,0,0,0,0,0,1,1,0,0,0,0,1,0,0,0,0,0,0,0,0,0,0,0,0,0,0,1,0,0,0,0,1,5,1,1,3,4,1,0,0,0,0,0,2,1,3,1,0,1,0,1,0
Northern Goshawk,Accipiter gentilis,0,0,0,0,0,0,0,0,0,0,0,0,0,0,0,0,0,0,0,0,0,0,0,0,1,0,0,0,0,0,0,0,0,0,2,0,1,0,0,0,0,0,1,1,0,0,0,1,0,0,0,0,0,0,0,0,0,0,0,0,0,0,0,0,0,0,0,0,0,0,0,0,0,0,0,0,0,0,1,0,0
Accipiter sp.,Accipiter sp.,0,0,0,0,0,0,0,0,0,0,0,0,0,0,0,0,0,0,0,0,0,0,0,0,0,0,0,0,0,0,0,0,0,0,0,0,0,0,0,0,0,0,0,0,3,0,0,0,0,1,0,0,0,0,0,0,0,0,0,0,0,0,0,0,0,0,0,0,0,0,0,0,0,0,0,0,0,0,0,0,0
Sharp-shinned Hawk,Accipiter striatus,0,0,0,0,0,0,0,0,0,0,0,0,0,0,1,0,0,0,0,1,0,0,1,0,0,0,0,0,0,0,0,0,0,0,0,0,1,0,0,1,0,0,0,1,0,0,0,0,1,1,0,1,1,1,0,2,0,2,1,1,1,2,0,0,2,4,0,1,1,1,0,2,1,1,0,1,1,1,0,0,2
hawk sp.,Accipitridae sp.,0,0,0,0,0,0,0,0,0,1,0,0,0,0,0,0,0,0,0,0,0,0,0,0,0,0,0,0,0,0,0,0,0,0,0,0,0,0,0,0,0,0,0,0,0,0,0,0,0,0,0,0,0,0,0,0,0,0,0,0,0,0,0,0,0,0,0,0,0,0,0,0,0,0,0,0,0,0,0,0,0
Northern Saw-whet Owl,Aegolius acadicus,0,0,0,0,0,0,0,0,0,0,0,0,0,0,0,0,0,0,0,0,0,0,0,0,0,0,0,0,0,0,0,0,0,0,0,0,0,0,0,0,0,0,0,0,0,0,0,0,0,0,0,0,2,0,0,0,0,0,0,0,0,0,0,0,0,0,0,0,0,0,0,0,0,0,0,0,0,0,2,0,0
Red-winged Blackbird,Agelaius phoeniceus,0,0,0,0,0,0,0,72,0,500,0,250,0,0,0,0,0,0,0,0,0,25,0,0,0,12,0,1,50,1,0,0,0,3,4,0,0,1,3,0,10,2,5,1,0,1,0,0,0,0,0,1,0,0,1,0,0,0,0,0,0,0,0,0,0,0,0,0,1,0,0,0,1,1,0,0,0,0,0,0,0
Wood Duck,Aix sponsa,0,0,0,0,0,0,0,0,0,0,0,0,0,0,0,0,0,0,0,0,0,0,0,0,0,0,0,0,1,0,1,0,5,0,0,3,1,0,0,3,1,0,0,0,0,0,1,2,1,2,0,2,6,1,0,0,0,0,0,1,2,0,0,0,1,0,0,0,0,1,0,0,1,0,0,0,0,0,0,1,0
Northern Pintail,Anas acuta,0,0,0,0,0,0,0,0,0,0,0,1,0,0,0,0,0,0,0,0,0,0,0,0,0,0,0,0,0,0,0,0,0,0,0,0,0,0,0,0,0,0,0,0,1,0,0,0,0,0,0,0,0,0,0,0,0,0,0,0,0,0,0,0,0,0,0,0,0,0,0,0,0,0,0,0,0,0,0,0,0
American Wigeon,Anas americana,0,0,0,0,0,0,0,0,0,0,0,0,0,0,0,0,0,0,0,0,0,0,0,0,0,0,0,0,0,0,0,0,0,0,0,0,0,0,0,0,0,0,0,0,0,0,0,0,2,0,0,0,0,0,0,0,0,0,0,0,0,0,0,0,0,0,0,0,0,0,0,0,0,0,0,0,0,0,0,0,0
Green-winged Teal (American),Anas crecca carolinensis,0,0,0,0,0,0,0,0,0,0,0,0,0,0,0,0,0,0,0,0,0,0,0,0,0,0,0,0,0,0,0,0,0,0,0,0,0,0,0,0,0,0,0,0,0,0,0,0,0,0,0,0,0,0,0,0,0,0,0,0,0,0,0,1,0,0,0,0,0,0,0,0,0,0,0,0,0,0,0,0,0
Mallard,Anas platyrhynchos,0,0,0,0,0,0,0,0,0,1,0,1,3,17,71,49,6,5,8,2,0,10,65,0,2,10,15,47,43,87,430,420,1200,224,1186,1900,2255,4548,1121,1919,1846,3665,3367,4736,2513,2322,3819,2036,1971,2180,2396,1945,1706,1792,1669,694,740,2263,1727,2453,3240,1453,2134,2703,4402,1971,1539,3479,2446,2301,5164,2352,4608,2899,1961,2797,1271,3949,3363,2163,3473
American Black Duck,Anas rubripes,0,0,0,0,0,0,0,0,0,0,0,0,0,0,3,6,1,0,0,0,0,0,0,0,0,5,6,4,1,1,2,2,8,0,0,5,19,8,0,2,0,1,7,19,1,0,1,2,8,2,0,1,3,1,3,0,3,0,5,1,6,7,1,1,1,1,2,0,0,0,4,0,0,1,0,0,1,1,6,1,3
Gadwall,Anas strepera,0,0,0,0,0,0,0,0,0,0,0,0,0,0,0,0,0,0,0,0,0,0,0,0,0,0,0,0,0,0,0,0,0,0,0,0,0,0,0,0,0,0,0,0,0,0,0,0,0,0,0,0,0,2,0,0,0,0,0,0,0,0,0,0,0,0,0,0,0,0,0,0,0,0,0,0,0,0,0,0,0
Golden Eagle,Aquila chrysaetos,0,0,0,0,0,0,0,0,0,0,0,0,0,0,0,0,0,0,0,0,0,0,0,0,0,0,0,0,0,0,0,0,0,0,0,0,0,0,0,0,0,0,0,0,0,0,0,0,0,0,0,0,0,0,0,0,0,0,0,0,0,0,0,0,0,0,0,0,0,0,0,0,0,0,0,0,0,1,0,0,0
Great Blue Heron (Blue form),Ardea herodias,0,0,0,0,0,0,0,0,0,0,0,0,0,1,0,0,0,0,0,0,0,0,0,0,0,0,0,0,0,0,0,0,0,0,0,0,0,0,0,1,0,0,0,0,0,0,0,0,0,0,0,1,0,0,1,0,0,0,0,0,0,0,0,1,0,0,0,1,0,0,0,0,0,0,0,0,0,0,1,0,0
Short-eared Owl,Asio flammeus,0,0,0,0,0,0,0,0,0,0,0,0,0,0,0,0,0,0,0,0,0,0,0,0,0,0,0,0,0,0,0,0,0,0,1,0,0,0,0,0,0,0,0,0,0,0,0,0,0,0,0,0,0,0,0,0,0,0,0,0,0,0,0,0,0,0,0,0,0,0,0,0,0,0,0,0,0,0,0,0,0
Long-eared Owl,Asio otus,0,0,0,0,0,0,0,0,0,0,0,0,0,0,0,0,0,0,0,0,0,0,0,0,0,0,0,0,0,0,0,0,0,0,0,0,0,0,1,0,0,0,0,0,0,0,0,0,0,0,0,0,0,0,0,0,0,0,0,0,0,0,0,0,0,0,0,0,0,0,0,0,0,0,0,0,0,0,1,0,0
Lesser Scaup,Aythya affinis,0,0,0,0,0,0,0,0,0,0,0,0,0,0,0,0,0,0,0,0,0,0,0,0,0,0,0,0,0,0,0,0,0,0,0,2,1,0,0,0,0,0,0,0,0,0,0,0,0,0,0,0,0,0,0,0,0,0,0,1,0,0,6,0,50,14,0,0,0,0,0,0,0,0,0,0,0,0,0,0,0
Ring-necked Duck,Aythya collaris,0,0,0,0,0,0,0,0,0,0,0,0,0,0,0,0,0,0,0,0,0,0,0,0,0,0,0,0,1,0,0,0,0,0,0,0,0,0,0,0,1,0,2,0,0,0,0,0,0,0,1,0,0,0,0,0,0,0,0,1,0,0,1,0,0,0,0,0,0,0,0,0,0,11,0,0,0,0,0,0,0
Canvasback,Aythya valisineria,0,0,0,0,0,0,0,0,0,0,0,0,0,0,0,0,0,0,0,0,0,0,0,0,0,0,0,0,0,0,0,0,0,0,0,0,4,0,0,0,0,1,0,0,0,0,0,0,0,0,0,0,0,0,0,0,0,0,0,0,0,0,0,0,0,0,0,0,0,0,0,0,0,1,0,0,0,0,0,0,0
Tufted Titmouse,Baeolophus bicolor,0,0,0,0,0,0,0,0,0,0,0,0,0,1,2,0,0,0,0,0,1,0,2,2,0,1,0,0,0,0,0,0,0,0,0,0,0,0,0,0,0,0,0,0,0,0,0,0,0,0,0,0,0,0,0,0,0,0,0,0,0,0,0,0,0,0,0,0,0,0,0,0,0,0,0,0,0,0,0,0,0
Cedar Waxwing,Bombycilla cedrorum,0,0,0,0,0,0,0,0,0,0,0,0,0,0,0,0,15,0,0,0,0,0,0,35,0,0,0,0,2,0,23,0,0,0,0,0,0,16,10,5,139,75,37,32,52,16,1,37,380,14,41,75,19,20,0,32,0,47,36,10,206,56,124,41,77,14,0,58,45,219,50,18,167,103,58,18,40,2,13,16,3
Bohemian Waxwing,Bombycilla garrulus,0,0,0,0,0,0,0,0,0,0,0,0,0,0,0,0,0,0,0,185,0,0,0,0,0,0,0,1,0,0,0,0,0,120,0,0,53,51,0,0,0,0,0,2,50,0,0,77,13,0,0,0,0,0,0,0,0,0,0,0,0,0,0,0,0,0,0,0,0,0,0,0,0,0,0,0,0,0,0,0,0
Ruffed Grouse,Bonasa umbellus,0,0,0,0,0,0,2,0,0,0,0,0,0,1,0,0,0,0,0,0,0,0,0,0,0,0,0,0,0,0,0,0,1,0,2,0,0,1,0,2,2,1,2,0,0,0,0,2,0,0,0,0,0,0,0,2,0,0,0,0,0,0,0,0,0,0,0,0,0,0,0,0,0,0,0,0,0,0,0,0,0
Canada Goose,Branta canadensis,0,0,0,0,0,0,0,0,0,0,0,0,0,0,0,0,0,0,0,0,0,0,0,0,0,0,0,0,0,0,0,2,7,0,57,10,1,12,0,14,105,346,166,2098,21,69,0,385,673,1597,920,184,34,3013,889,1215,591,38,934,4524,4724,92,4101,2753,342,1892,173,1842,121,344,76,358,282,165,98,434,1043,564,332,305,116
Snowy Owl,Bubo scandiacus,0,0,0,0,0,0,0,0,0,0,0,0,0,0,1,0,1,0,0,0,0,0,0,0,0,0,0,0,0,0,0,0,0,0,0,1,0,1,0,0,0,0,0,0,0,0,0,0,0,0,0,0,0,0,0,0,0,0,0,0,0,0,0,2,0,0,0,0,0,0,0,0,0,0,0,0,0,0,0,0,0
Great Horned Owl,Bubo virginianus,0,0,0,0,0,2,0,0,0,0,0,0,0,1,0,0,1,0,0,0,0,0,0,0,0,0,0,0,1,0,1,1,0,0,2,5,5,5,1,3,2,4,5,4,2,2,1,6,1,1,1,0,0,2,3,2,1,2,0,5,4,2,4,2,1,1,2,2,2,1,6,2,3,3,2,4,1,1,5,3,1
Bufflehead,Bucephala albeola,0,0,0,0,0,0,0,0,0,0,0,0,0,0,0,0,0,0,0,0,0,0,0,0,0,0,0,0,0,0,0,0,0,0,0,0,0,0,0,0,0,0,1,0,0,0,0,4,1,0,0,0,0,0,0,0,0,0,0,1,0,0,1,0,1,0,0,1,0,0,0,0,0,0,0,0,0,0,0,0,0
Common Goldeneye,Bucephala clangula,0,0,0,0,0,0,0,0,10,0,75,0,43,175,500,169,178,79,59,240,39,126,276,100,42,150,13,220,160,37,99,7,38,0,7,180,240,57,0,51,146,158,27,20,0,1,0,5,65,0,41,65,14,110,134,35,3,15,49,20,83,0,37,60,210,22,5,141,63,50,76,0,66,349,113,113,18,213,153,96,46
Common/Barrow's Goldeneye,Bucephala clangula/islandica,0,0,0,0,0,0,0,0,0,0,0,0,0,0,0,0,0,0,0,0,0,0,0,0,0,0,0,0,0,0,0,0,0,0,0,0,0,1,0,0,0,0,0,0,0,0,0,0,0,0,0,0,0,0,0,0,0,0,0,0,0,0,0,0,0,0,0,0,0,0,0,0,0,0,0,0,0,0,0,0,0
Red-tailed Hawk,Buteo jamaicensis,0,0,0,0,0,0,0,0,0,0,0,0,0,0,0,0,1,0,2,0,0,1,0,0,0,0,0,1,0,0,0,4,0,0,0,5,1,3,2,5,9,6,19,2,6,2,3,6,4,9,8,3,16,3,16,16,11,18,14,22,27,32,17,17,18,13,2,24,18,10,19,15,24,31,27,14,37,24,25,23,26
Rough-legged Hawk,Buteo lagopus,0,0,0,0,0,0,0,1,0,0,0,0,0,0,1,0,1,0,0,0,0,3,1,0,0,0,0,0,2,0,0,1,0,0,0,0,0,0,1,3,0,0,1,0,1,0,0,1,1,0,0,0,3,0,0,1,1,0,0,4,0,1,0,2,1,0,0,0,0,13,0,1,0,0,0,0,0,2,0,0,0
Red-shouldered Hawk,Buteo lineatus,0,0,0,0,0,0,0,0,0,0,0,0,0,0,0,0,0,0,0,0,0,0,0,0,0,0,0,0,0,0,0,0,0,0,0,0,0,0,0,0,0,1,0,0,1,0,0,0,0,0,0,0,0,0,0,0,0,0,0,0,0,0,0,1,0,0,1,0,0,0,0,0,0,0,0,3,0,1,0,0,0
Buteo sp.,Buteo sp.,0,0,0,0,0,0,0,0,0,0,0,0,0,0,0,0,0,0,0,0,0,0,0,0,0,0,0,0,0,0,0,0,0,0,0,0,0,0,0,0,0,0,0,0,0,0,0,0,0,0,0,0,0,0,0,0,0,0,0,0,0,0,1,0,0,0,0,0,0,0,0,0,0,0,0,0,0,0,0,0,0
Green Heron,Butorides virescens,0,0,0,0,0,0,0,0,0,0,0,0,0,0,0,0,0,0,0,0,0,0,0,0,0,0,0,0,0,0,0,0,0,0,0,0,0,0,0,0,0,0,0,0,0,0,0,0,0,0,0,0,0,0,0,0,0,0,0,0,0,0,0,0,0,0,0,0,0,0,0,0,0,0,0,0,1,0,0,0,0
Lapland Longspur,Calcarius lapponicus,0,0,0,0,0,0,0,0,0,0,0,0,5,0,0,0,0,0,0,0,0,0,0,0,0,0,0,0,0,0,0,0,0,0,0,0,0,0,0,0,0,0,0,0,0,0,0,0,0,0,0,0,0,0,0,0,0,0,0,0,0,0,0,0,0,0,0,0,0,0,0,0,0,0,0,0,0,0,0,0,0
Northern Cardinal,Cardinalis cardinalis,0,0,0,0,0,0,3,2,4,12,6,17,5,1,6,6,7,2,2,4,9,8,12,10,5,7,7,2,6,8,11,17,14,14,26,28,23,9,8,27,33,54,89,42,69,47,44,25,70,42,79,77,36,37,75,86,65,93,79,114,83,69,56,43,98,51,32,66,40,68,119,94,76,122,92,71,85,88,95,76,72
Hermit Thrush,Catharus guttatus,0,0,0,0,0,0,0,0,0,0,0,0,0,0,0,0,0,0,0,0,0,0,0,0,0,0,0,0,0,0,0,0,0,0,0,0,0,0,0,0,0,0,0,0,0,0,0,0,0,0,0,0,0,0,0,0,0,0,0,0,0,0,0,0,0,0,0,0,0,0,0,0,0,0,0,0,0,0,0,0,1
Swainson's Thrush,Catharus ustulatus,0,0,0,0,0,0,0,0,0,0,0,0,0,0,0,0,0,0,0,0,0,0,0,0,0,0,0,0,0,0,0,0,0,0,0,0,0,0,0,0,0,0,0,0,0,0,0,0,0,0,0,0,0,0,0,0,0,0,0,0,0,0,0,0,0,0,0,1,0,0,0,0,0,0,0,0,0,0,0,0,0
Brown Creeper,Certhia americana,1,1,0,0,1,2,0,1,1,6,1,1,3,4,3,4,0,0,2,0,2,0,4,0,0,0,0,3,7,1,10,4,13,3,3,8,4,4,0,3,10,3,4,3,8,4,3,6,5,3,5,8,4,3,5,6,6,3,1,2,2,2,4,1,1,3,2,1,2,8,0,3,3,7,7,3,8,1,3,2,3
Snow Goose,Chen caerulescens,0,0,0,0,0,0,0,0,0,0,0,0,0,0,0,0,0,0,0,0,0,0,0,0,0,0,0,0,0,0,0,0,0,0,0,0,0,0,0,0,0,0,0,0,0,0,0,0,0,0,0,0,0,1,0,0,0,0,0,39,4,0,0,0,0,0,0,0,0,0,0,0,0,0,0,0,0,0,0,0,0
Northern Harrier,Circus cyaneus,0,0,0,0,0,0,0,0,0,0,0,0,0,0,0,0,0,0,0,0,2,4,0,1,0,0,0,0,0,0,0,0,0,0,0,0,0,0,0,0,0,0,0,0,0,0,0,0,0,0,0,0,0,0,0,0,0,0,0,1,0,0,0,0,1,2,0,1,0,1,0,0,0,0,0,0,1,0,0,0,0
Evening Grosbeak,Coccothraustes vespertinus,0,0,0,0,0,0,0,0,0,0,0,0,4,0,0,0,0,0,0,0,0,0,40,3,15,0,0,0,0,4,6,6,27,0,0,26,139,0,1,0,0,2,5,0,0,0,0,0,3,0,0,1,0,0,0,0,0,0,0,0,0,0,0,0,0,8,0,0,0,0,0,0,0,0,0,0,0,0,0,0,0
Northern Flicker,Colaptes auratus,0,0,0,0,0,0,0,0,0,0,0,0,0,0,0,0,0,0,0,0,0,0,0,0,0,0,0,0,0,0,0,0,0,0,0,0,1,1,0,1,0,0,0,1,0,1,0,0,0,0,0,0,0,0,0,1,0,0,2,0,0,0,11,0,0,0,2,0,0,0,0,3,0,1,0,0,0,0,1,0,2
Northern Flicker (Yellow-shafted),Colaptes auratus auratus/luteus,0,0,0,0,0,0,0,0,0,0,0,0,0,0,0,0,0,0,0,0,0,1,0,0,0,0,0,0,0,0,0,0,0,0,0,0,0,0,0,0,0,0,0,0,0,0,0,1,0,0,2,1,1,0,0,0,0,0,0,1,1,2,0,2,0,6,0,0,1,0,1,0,1,0,6,1,1,0,0,0,0
Northern Bobwhite,Colinus virginianus,0,5,0,0,0,7,0,0,0,0,0,0,0,0,0,0,0,0,0,0,0,0,0,0,0,0,0,0,0,0,0,0,0,0,0,0,0,0,0,0,0,0,0,0,0,0,0,0,0,0,0,0,0,0,0,0,0,0,0,0,0,0,0,0,0,0,0,0,0,0,0,0,0,0,0,0,0,0,0,0,0
Rock Pigeon (Feral Pigeon),Columba livia (Feral Pigeon),0,0,0,0,0,0,0,0,5,0,0,0,0,0,0,0,0,0,0,0,0,0,0,0,0,0,0,0,0,0,0,0,0,0,0,400,367,1221,289,1320,937,672,601,448,161,470,131,1181,603,679,530,256,234,95,228,274,235,49,101,98,242,396,256,473,180,713,130,451,779,167,171,212,134,38,623,98,126,117,304,199,384
American Crow,Corvus brachyrhynchos,0,0,0,0,0,0,0,0,0,0,0,3,16,20,133,72,59,22,30,39,77,79,42,18,11,38,13,30,27,9,30,42,190,46,112,110,281,190,160,379,406,384,306,396,432,330,250,379,251,254,327,323,375,189,482,623,428,887,688,504,551,1240,873,721,596,537,431,284,268,194,586,707,595,345,476,506,501,553,410,213,835
crow sp.,Corvus sp. (crow sp.),0,0,0,0,0,0,0,0,4,0,0,0,0,0,0,0,0,0,0,0,0,0,0,0,0,0,0,0,0,0,0,0,0,0,0,0,0,0,0,0,0,0,0,0,0,0,0,0,0,0,0,0,0,0,0,0,0,0,0,0,0,0,0,0,0,0,0,0,0,0,0,0,0,0,0,0,0,0,0,0,0
Blue Jay,Cyanocitta cristata,0,2,5,2,1,34,22,6,26,7,18,52,88,20,32,167,117,77,66,11,51,259,93,29,29,84,42,29,24,110,290,96,180,95,287,280,414,334,239,119,284,312,300,310,78,188,238,67,240,124,168,130,310,114,145,330,250,284,163,97,42,253,172,50,103,41,113,32,78,46,116,175,120,104,301,67,129,33,215,288,361
Trumpeter Swan,Cygnus buccinator,0,0,0,0,0,0,0,0,0,0,0,0,0,0,0,0,0,0,0,0,0,0,0,0,0,0,0,0,0,0,0,0,0,0,0,0,0,0,0,0,0,0,0,0,0,0,0,0,0,0,0,0,0,0,0,0,0,0,3,5,0,0,0,0,0,1,0,0,0,1,20,0,20,12,3,18,49,4,16,15,0
Tundra Swan,Cygnus columbianus,0,0,0,0,0,0,0,0,0,0,0,0,0,0,0,0,0,0,0,0,0,0,0,0,0,0,0,0,0,0,0,0,0,0,0,0,0,0,0,0,0,0,0,0,0,0,0,0,0,1,0,0,0,0,0,0,0,0,0,0,0,0,0,0,0,0,0,0,6,0,0,0,0,0,0,0,0,0,0,0,0
Pileated Woodpecker,Dryocopus pileatus,0,0,0,0,0,1,0,0,0,0,1,2,0,0,0,1,0,0,0,0,0,1,1,0,0,1,1,2,4,0,1,2,1,2,3,1,2,8,2,6,4,4,5,4,5,9,4,3,5,2,4,9,9,3,2,5,3,8,6,3,1,7,3,5,4,0,4,2,3,3,9,2,6,5,10,6,6,6,13,10,10
Gray Catbird,Dumetella carolinensis,0,0,0,0,0,0,0,0,0,0,0,0,0,0,0,0,0,0,0,0,0,0,0,0,0,0,0,0,0,0,0,0,0,0,0,0,0,0,0,0,0,0,0,0,0,0,0,0,0,0,0,0,0,0,0,0,0,0,0,0,0,0,0,1,0,1,0,0,0,0,0,0,1,0,0,0,0,0,0,0,0
sparrow sp.,Emberizidae sp. (sparrow sp.),0,0,0,0,0,1,0,0,0,0,0,0,0,0,0,0,0,0,0,0,0,0,0,0,0,0,0,0,0,0,0,0,0,0,0,0,0,0,0,0,0,0,0,0,0,0,0,0,0,0,9,0,0,0,0,0,0,0,0,0,0,0,0,0,0,0,0,0,0,0,0,0,0,0,0,0,0,0,0,0,0
Horned Lark,Eremophila alpestris,0,0,0,0,0,0,0,0,0,4,0,0,0,0,0,0,0,0,0,0,8,0,0,9,9,0,0,0,0,0,0,10,0,0,0,2,9,0,0,0,2,0,0,0,0,0,0,0,0,0,0,0,0,0,0,0,0,0,0,0,0,0,0,0,0,0,0,0,0,0,0,0,0,0,0,0,0,4,0,0,0
Rusty Blackbird,Euphagus carolinus,0,0,0,0,0,0,0,0,0,0,0,0,0,0,0,0,0,0,0,0,0,0,0,0,0,0,0,0,0,0,0,0,0,0,0,0,0,0,0,0,0,0,0,0,0,3,0,0,0,0,0,0,0,0,0,0,0,0,0,0,0,0,0,0,0,0,0,0,0,0,0,0,0,0,0,0,0,0,0,0,0
Brewer's Blackbird,Euphagus cyanocephalus,0,0,0,0,0,0,0,3,0,0,0,0,0,0,0,0,0,0,0,0,0,0,0,0,0,0,0,0,0,0,0,0,0,0,2,0,0,6,0,0,1,0,0,0,0,0,0,0,0,0,0,0,0,0,0,0,0,0,0,0,0,0,0,0,0,0,0,0,0,0,0,0,0,0,0,0,0,0,0,0,0
Merlin,Falco columbarius,0,0,0,0,0,0,0,0,0,0,0,0,0,0,0,0,0,0,0,0,0,0,0,0,0,0,0,0,0,0,0,0,0,0,0,0,0,0,0,0,0,0,0,2,0,0,0,0,0,0,0,0,0,0,0,0,0,0,0,0,0,0,0,0,1,0,0,1,0,0,0,0,0,0,0,0,1,0,1,0,2
Peregrine Falcon,Falco peregrinus,0,0,0,0,0,0,0,0,0,0,0,0,0,0,0,0,0,0,0,0,0,0,0,0,0,0,0,0,0,0,0,0,0,0,0,0,0,0,0,0,0,0,0,0,0,0,0,1,0,0,0,0,0,0,0,0,0,0,0,0,0,0,1,0,1,0,0,0,0,0,0,0,0,0,0,0,0,0,0,0,0
American Kestrel,Falco sparverius,0,0,0,0,0,0,0,0,0,0,0,0,0,0,2,1,1,2,0,6,3,4,4,1,1,0,2,3,2,0,2,2,1,1,2,6,9,6,5,10,3,3,6,1,2,2,0,3,1,12,3,4,5,1,5,2,0,2,1,5,3,0,1,1,2,0,0,1,0,1,1,1,0,3,1,0,0,0,0,1,3
American Coot,Fulica americana,0,0,0,0,0,0,0,0,0,0,0,0,0,0,0,0,0,0,0,0,0,0,0,0,0,0,0,0,0,0,0,0,0,0,0,0,0,0,0,0,0,0,0,0,0,0,0,0,0,0,0,0,0,0,0,0,0,0,0,17,0,1,0,0,0,0,0,0,0,0,0,0,0,0,0,0,0,0,0,0,0
Wilson's/Common Snipe,Gallinago delicata/gallinago,0,0,0,0,0,1,0,0,0,0,0,2,0,0,0,0,0,0,0,0,0,0,0,0,0,0,0,0,0,1,0,0,0,0,0,0,0,0,0,0,0,0,0,0,0,0,0,0,0,0,0,0,0,0,0,0,0,0,0,0,0,0,0,0,0,0,0,0,0,0,0,0,0,0,0,0,0,0,0,0,0
House Finch,Haemorhous mexicanus,0,0,0,0,0,0,0,0,0,0,0,0,0,0,0,0,0,0,0,0,0,0,0,0,0,0,0,0,0,0,0,0,0,0,0,0,0,0,0,0,0,0,0,0,0,0,0,0,0,0,1,0,6,20,48,143,139,393,265,329,63,499,205,62,242,340,126,169,128,24,103,219,159,100,219,119,66,64,123,61,89
Purple Finch,Haemorhous purpureus,0,0,0,0,8,1,0,0,0,0,1,2,0,0,2,1,5,0,15,0,9,7,10,20,7,10,10,16,0,3,23,12,23,0,0,1,60,0,16,15,14,35,22,19,14,0,9,4,42,4,2,3,7,6,1,55,0,0,4,10,0,4,0,0,0,0,0,0,0,2,1,1,0,1,21,0,1,0,0,3,4
Purple Finch (Eastern),Haemorhous purpureus purpureus,0,0,0,0,0,0,0,12,0,0,0,0,0,0,0,0,0,0,0,0,0,0,0,0,0,0,0,0,0,0,0,0,0,0,0,0,0,0,0,0,0,0,0,0,0,0,0,0,0,0,0,0,0,0,0,0,0,0,0,0,0,0,0,0,0,0,0,0,0,0,0,0,0,0,0,0,0,0,0,0,0
Bald Eagle,Haliaeetus leucocephalus,0,0,0,0,0,0,0,0,0,0,0,0,0,0,0,0,0,0,0,0,1,0,0,0,0,0,0,0,0,0,0,0,0,0,0,0,0,0,0,0,0,2,0,0,0,0,0,1,0,0,5,1,1,5,7,12,3,5,3,11,2,9,14,10,9,0,0,7,8,4,13,14,19,8,14,19,29,28,21,20,22
blackbird sp.,Icteridae sp.,0,0,0,0,0,0,0,0,0,0,0,0,0,0,0,0,0,0,0,0,0,0,0,0,0,0,0,0,0,0,0,0,0,0,0,0,0,0,0,0,0,0,0,0,0,0,0,0,0,0,0,0,0,0,0,0,0,0,0,0,20,0,0,0,0,0,0,0,0,0,0,0,0,0,0,0,0,0,0,0,0
Varied Thrush,Ixoreus naevius,0,0,0,0,0,0,0,0,0,0,0,0,0,0,0,0,0,0,0,0,0,0,0,0,0,0,0,0,0,0,0,0,0,0,0,0,0,0,0,0,0,0,0,0,0,0,0,0,0,0,0,1,0,0,0,1,0,0,0,1,0,0,0,0,0,1,0,0,0,0,1,1,0,0,0,0,0,0,0,0,0
Dark-eyed Junco,Junco hyemalis,0,0,0,0,0,0,0,0,0,0,0,0,0,0,2,0,0,2,0,0,1,0,0,0,2,1,0,1,1,1,1,2,4,1,0,0,0,0,0,0,0,0,0,0,0,202,0,0,0,0,0,0,0,0,0,0,0,0,0,0,0,0,192,0,64,0,0,89,0,112,0,82,121,120,123,137,0,121,128,105,0
Dark-eyed Junco (Slate-colored),Junco hyemalis hyemalis/carolinensis,0,0,0,0,0,0,0,6,31,22,9,60,29,61,327,190,78,20,39,58,273,72,69,70,200,110,85,77,31,34,71,94,75,29,310,170,245,294,231,199,121,225,116,299,179,0,94,126,412,74,364,165,77,40,94,106,121,116,258,409,193,159,0,162,0,86,100,0,156,0,236,0,0,0,0,0,205,0,0,0,46
Northern Shrike,Lanius excubitor,1,0,0,0,0,1,0,0,0,0,0,0,0,0,1,0,0,1,0,0,0,0,3,0,0,2,1,3,1,0,0,0,5,1,3,2,9,5,0,4,2,1,7,1,1,1,1,0,0,1,0,4,2,1,5,5,5,2,2,1,5,4,0,2,2,1,3,2,4,1,1,3,4,3,6,4,2,2,7,0,5
gull sp.,Larinae sp.,0,0,0,0,0,0,0,0,0,0,0,0,0,0,0,0,0,0,0,0,0,0,0,0,0,0,0,0,0,0,0,0,0,0,0,0,0,0,0,0,0,0,0,0,0,2,0,0,0,0,0,0,0,0,0,0,0,0,0,0,0,0,0,0,0,0,0,0,0,0,0,0,0,0,0,0,0,0,0,0,0
Herring Gull,Larus argentatus,0,0,0,0,0,0,0,0,0,0,0,0,0,0,0,0,0,1,0,4,0,0,0,0,0,0,0,0,0,0,0,0,0,0,0,1,0,0,0,0,0,0,0,1,0,0,0,0,0,0,0,1,0,0,3,0,0,0,50,5,3,0,5,2,0,8,0,0,0,0,0,0,0,0,0,0,0,0,0,0,0
Ring-billed Gull,Larus delawarensis,0,0,0,0,0,0,0,0,0,0,0,0,0,0,0,0,0,0,0,0,0,0,0,0,0,0,0,0,0,0,0,0,0,0,0,2,0,0,0,0,1,1,0,1,0,0,0,0,0,1,0,466,0,0,98,37,0,0,92,230,236,0,724,29,0,142,0,6,0,0,0,0,16,54,0,2,126,0,0,0,0
Iceland Gull,Larus glaucoides,0,0,0,0,0,0,0,0,0,0,0,0,0,0,0,0,0,0,0,0,0,0,0,0,0,0,0,0,0,0,0,0,0,0,0,0,0,0,0,0,0,0,0,0,0,0,0,0,0,0,0,0,0,0,0,0,0,0,0,0,0,0,0,0,0,0,0,0,0,0,0,0,0,0,0,0,0,0,0,0,0
Hooded Merganser,Lophodytes cucullatus,0,0,0,0,0,0,0,0,0,0,0,0,0,0,0,0,0,0,0,0,0,0,0,0,0,0,0,0,0,0,0,0,0,0,0,0,0,0,0,0,0,0,0,0,0,0,0,0,1,0,0,0,0,0,0,0,0,0,0,1,0,0,14,0,0,1,0,0,0,0,4,0,1,1,0,0,0,0,0,1,0
Red Crossbill,Loxia curvirostra,0,0,0,0,0,0,0,0,0,0,0,0,0,0,0,0,0,0,0,0,0,0,0,0,0,0,0,0,0,0,25,0,0,0,0,0,0,0,0,0,0,0,0,0,0,14,0,0,0,0,0,0,0,0,0,0,0,0,0,0,0,0,0,0,0,0,0,0,0,0,0,0,0,0,0,0,0,0,0,0,0
White-winged Crossbill,Loxia leucoptera,0,0,0,0,0,0,0,0,0,0,0,0,0,0,0,0,0,0,0,0,0,0,0,0,0,0,0,0,0,0,0,0,0,0,0,0,0,0,0,0,0,0,0,0,0,0,0,0,27,0,0,0,0,0,0,0,0,0,27,0,0,0,0,0,0,0,0,0,0,0,0,6,0,0,0,0,0,0,0,0,0
Belted Kingfisher,Megaceryle alcyon,0,0,0,0,0,0,0,0,0,0,1,0,1,0,0,0,1,0,0,0,1,1,0,0,0,2,0,0,0,0,0,0,0,0,1,1,0,0,0,3,1,1,1,0,0,0,0,0,2,0,1,0,0,0,1,2,1,1,0,3,3,3,0,2,2,0,1,3,0,1,2,2,1,5,1,0,0,1,2,2,1
Eastern Screech-Owl,Megascops asio,0,0,0,0,0,0,0,0,0,0,0,0,0,0,0,0,0,0,0,0,0,0,0,0,0,0,0,0,0,0,0,0,0,0,0,0,0,0,0,0,0,0,0,0,0,0,0,1,0,0,0,0,1,1,0,1,0,0,1,1,0,2,1,1,0,0,0,0,0,0,0,0,0,0,0,0,0,0,1,0,0
screech-owl sp.,Megascops sp.,0,0,0,0,0,0,0,0,1,0,0,0,0,0,0,0,0,0,0,0,0,0,0,0,0,0,0,1,0,0,0,0,0,0,0,0,0,0,0,0,0,0,0,0,0,0,0,0,0,0,0,0,0,0,0,0,0,0,0,0,0,0,0,0,0,0,0,0,0,0,0,0,0,0,0,0,0,0,0,0,0
Red-bellied Woodpecker,Melanerpes carolinus,0,0,0,0,0,0,0,1,0,4,0,2,1,1,1,0,0,1,0,3,0,1,0,3,0,1,0,1,0,0,0,0,1,0,1,1,2,2,1,4,5,7,4,3,7,6,4,4,7,7,16,8,7,12,17,17,14,13,13,18,12,17,19,10,19,11,9,13,17,14,30,21,23,27,61,26,37,19,36,47,31
Red-headed Woodpecker,Melanerpes erythrocephalus,0,0,0,0,0,2,0,0,0,0,0,0,0,0,0,1,1,0,1,0,0,1,1,0,0,0,0,0,0,2,0,0,2,0,1,0,2,0,1,0,2,1,2,0,0,0,0,0,1,0,0,0,0,0,0,0,0,0,0,0,0,0,0,0,0,0,0,0,0,0,0,0,0,0,0,0,0,0,0,0,0
Wild Turkey,Meleagris gallopavo,0,0,0,0,0,0,0,0,0,0,0,0,0,0,0,0,0,0,0,0,0,0,0,0,0,0,0,0,0,0,0,0,0,0,0,0,0,0,0,0,0,0,0,0,0,0,0,0,0,0,0,0,0,0,0,0,0,0,0,0,0,7,5,0,4,0,0,1,32,12,120,39,27,57,83,54,126,32,63,26,93
Swamp Sparrow,Melospiza georgiana,0,0,0,0,0,0,0,1,0,0,0,0,0,0,0,0,0,0,0,0,0,0,0,0,0,0,0,0,0,0,0,0,0,0,0,0,0,0,0,0,0,0,0,0,0,0,0,0,0,0,0,0,0,0,0,0,0,0,0,0,0,0,0,1,0,0,0,0,0,0,0,0,0,0,0,0,0,0,0,1,0
Song Sparrow,Melospiza melodia,0,0,0,0,0,0,0,1,0,0,0,0,0,0,0,0,0,0,0,0,1,0,0,0,0,0,0,0,0,0,0,0,0,0,0,0,0,2,0,0,0,0,0,0,0,0,0,0,0,0,0,0,0,0,0,0,0,0,0,0,0,2,0,0,0,0,1,0,0,0,0,0,0,1,0,0,1,0,0,1,1
Common Merganser,Mergus merganser,0,0,0,0,0,0,0,0,0,0,1,0,10,21,17,0,0,0,0,0,0,8,0,0,0,0,0,1,0,0,0,0,0,0,0,0,0,0,0,0,0,0,0,0,0,0,0,0,0,0,0,0,1,6,3,0,0,0,3,0,0,0,0,4,4,0,0,2,0,0,1,0,11,5,19,109,3,95,12,50,24
Red-breasted Merganser,Mergus serrator,0,0,0,0,0,0,0,0,0,0,0,0,0,0,0,0,0,0,0,0,0,0,0,0,0,0,0,0,0,0,0,0,0,0,0,4,0,1,0,0,0,0,0,0,0,0,0,0,0,0,0,0,0,0,0,0,0,0,0,0,0,0,0,0,0,0,0,0,0,0,0,0,0,0,0,0,0,2,0,0,0
Northern Mockingbird,Mimus polyglottos,0,0,0,0,0,0,0,0,0,0,0,0,0,0,0,0,0,0,0,0,0,0,0,0,0,0,0,0,0,0,0,0,0,0,0,0,0,0,0,1,0,0,0,0,0,0,0,0,0,0,0,0,0,0,0,0,0,0,0,0,0,0,0,0,0,0,0,0,0,0,0,0,0,0,0,0,0,0,0,0,0
Brown-headed Cowbird,Molothrus ater,0,0,0,0,0,0,0,0,0,0,0,6,0,0,0,0,0,0,0,0,0,0,0,0,0,0,0,0,0,0,0,0,0,0,0,0,0,0,1,0,0,0,0,0,0,0,0,0,0,0,0,0,0,0,0,0,0,0,0,0,0,0,0,0,0,0,0,0,0,0,0,0,0,0,0,0,0,0,0,0,0
Townsend's Solitaire,Myadestes townsendi,0,0,0,0,0,0,0,0,0,0,0,0,0,0,0,0,0,0,0,0,0,0,0,0,0,0,0,0,0,0,0,0,0,0,0,0,0,0,0,0,0,0,0,0,0,0,0,0,0,0,0,0,0,0,0,0,0,0,0,0,0,0,0,0,0,0,0,0,0,0,0,0,0,0,1,0,0,0,0,0,0
new world quail sp.,Odontophoridae sp.,0,5,0,0,0,0,0,0,0,0,0,0,0,0,0,0,0,0,0,0,0,0,0,0,0,0,0,0,0,0,0,0,0,0,0,0,0,0,0,0,0,0,0,0,0,0,0,0,0,0,0,0,0,0,0,0,0,0,0,0,0,0,0,0,0,0,0,0,0,0,0,0,0,0,0,0,0,0,0,0,0
House Sparrow,Passer domesticus,0,0,0,0,0,0,0,0,221,216,0,300,917,350,1138,550,263,523,724,614,680,930,870,480,490,860,390,900,440,360,1000,560,1100,227,826,1100,1713,887,613,922,446,784,934,692,937,463,387,460,431,592,1290,968,517,489,196,565,467,607,315,475,324,615,434,267,285,225,152,234,241,108,244,584,122,141,622,186,209,114,209,70,161
Savannah Sparrow,Passerculus sandwichensis,0,0,0,0,0,0,0,0,0,0,0,0,0,0,0,0,0,0,0,0,0,0,0,0,0,0,0,0,0,0,0,0,0,0,0,0,0,0,0,0,0,0,0,0,0,0,0,0,0,0,0,0,0,0,0,0,1,0,0,0,0,0,0,0,0,0,0,0,0,0,0,0,0,0,0,0,0,0,0,0,0
Gray Jay,Perisoreus canadensis,0,0,0,0,0,0,0,0,0,0,0,0,0,0,0,0,0,0,1,0,0,0,0,0,0,0,0,0,0,0,0,0,0,0,0,0,0,1,0,0,0,0,0,0,0,0,0,0,0,0,0,0,0,0,0,0,0,0,0,0,0,0,0,0,0,0,0,0,0,0,0,0,0,0,0,0,0,0,0,0,0
Ring-necked Pheasant,Phasianus colchicus,0,0,0,0,0,24,5,69,14,14,48,17,143,133,147,108,203,92,111,27,53,20,225,12,100,38,9,35,5,52,29,26,93,14,112,96,262,0,82,325,41,66,208,44,71,26,10,8,15,3,9,3,28,2,1,11,27,4,4,9,4,49,3,1,7,0,2,2,21,7,8,8,3,3,7,6,1,3,3,6,0
Rose-breasted Grosbeak,Pheucticus ludovicianus,0,0,0,0,0,0,0,0,0,0,0,0,0,0,0,0,0,0,0,0,0,0,0,0,0,0,0,0,0,0,0,0,0,0,0,0,0,0,0,0,0,0,0,1,0,0,0,0,0,0,0,0,0,0,0,0,0,0,0,0,0,0,0,0,0,0,0,0,0,0,0,0,0,0,0,0,0,0,0,0,0
Black-billed Magpie,Pica hudsonia,0,0,0,0,0,0,0,0,0,0,0,1,0,0,0,0,0,0,0,0,0,0,0,0,0,0,0,0,0,0,0,0,0,0,0,0,0,0,0,0,0,0,0,0,0,0,0,0,0,0,0,0,0,0,0,0,0,0,0,0,0,0,0,0,0,0,0,0,0,0,0,0,0,0,0,0,0,0,0,0,0
Downy Woodpecker,Picoides pubescens,4,1,2,0,0,8,4,4,3,11,9,22,21,10,30,20,12,8,7,7,10,13,6,19,7,7,7,19,9,8,22,11,26,12,30,33,43,48,13,46,40,47,48,42,38,53,31,43,68,36,48,45,28,39,50,49,64,77,103,76,83,78,56,35,86,47,35,60,71,38,62,69,63,70,68,63,72,76,77,89,68
Hairy Woodpecker,Picoides villosus,0,0,0,0,0,3,3,2,7,5,1,10,3,2,11,4,4,12,5,6,1,3,3,5,4,8,4,2,11,7,10,5,11,9,20,20,21,32,10,24,34,35,39,42,21,36,23,31,34,25,37,22,17,19,23,28,20,27,40,29,36,29,25,23,28,26,10,24,27,20,37,34,25,17,44,33,32,20,26,27,29
Pine Grosbeak,Pinicola enucleator,0,0,0,0,0,3,0,0,0,0,0,0,0,0,0,4,0,0,0,0,1,0,2,0,0,0,0,0,0,4,0,0,0,0,0,0,0,0,15,0,0,15,0,0,0,0,39,0,0,0,17,0,0,0,0,0,0,0,1,0,0,0,0,0,0,0,0,0,0,0,0,0,0,0,0,0,0,0,1,0,0
Eastern Towhee,Pipilo erythrophthalmus,0,0,0,0,0,0,0,0,0,0,0,0,0,0,0,0,0,0,0,0,0,0,0,0,0,0,0,0,0,0,0,0,0,0,0,0,0,0,0,0,0,0,0,0,0,0,0,0,0,0,0,0,0,0,0,0,0,0,0,0,0,0,0,0,0,0,0,0,0,0,0,0,0,0,0,0,0,0,0,0,0
Spotted Towhee,Pipilo maculatus,0,0,0,0,0,0,0,0,0,0,0,0,0,0,0,0,0,0,0,0,0,0,0,0,0,0,0,0,0,0,0,0,0,0,0,0,0,0,0,0,0,0,0,0,0,0,0,0,0,0,0,0,0,0,0,0,0,0,0,0,0,0,0,0,0,0,0,0,0,0,0,0,0,0,0,0,0,0,0,0,0
Spotted/Eastern Towhee (Rufous-sided Towhee),Pipilo maculatus/erythrophthalmus,0,0,0,0,0,0,0,0,0,0,0,0,0,0,0,0,0,0,0,0,0,0,0,0,0,0,0,0,0,0,0,1,0,0,0,0,0,0,0,0,0,0,0,0,0,0,0,0,0,0,0,0,0,0,0,0,0,0,0,0,0,0,0,0,0,0,0,0,0,0,0,0,0,0,0,0,0,0,0,0,0
Snow Bunting,Plectrophenax nivalis,0,3,0,0,0,2,0,25,0,0,0,0,1,7,0,0,0,0,0,0,0,0,0,2,0,0,0,0,0,0,0,0,0,0,11,0,0,0,0,60,65,0,30,0,0,0,0,0,0,0,0,0,0,60,0,0,28,0,0,0,0,0,0,0,0,0,0,0,0,0,0,0,0,0,0,0,0,0,0,0,0
Pied-billed Grebe,Podilymbus podiceps,0,0,0,0,0,0,0,0,0,1,0,0,0,0,0,0,0,0,0,0,0,0,0,0,0,0,0,0,0,0,0,0,1,0,0,0,0,0,0,0,0,0,0,0,0,0,0,0,1,0,0,0,0,0,0,0,0,0,0,1,0,0,0,0,0,0,0,0,0,0,0,0,0,0,0,0,0,0,0,0,0
Black-capped Chickadee,Poecile atricapillus,0,0,0,0,0,35,11,3,2,44,41,67,62,118,59,136,28,33,33,57,49,52,31,52,49,55,28,74,45,89,62,54,91,63,128,230,225,257,117,363,181,245,276,267,233,292,216,314,316,283,312,322,401,263,443,294,439,371,487,290,930,423,377,218,381,255,173,260,340,0,356,480,428,334,451,357,395,270,477,395,367
chickadee sp.,Poecile sp.,0,5,0,0,3,18,0,0,0,0,0,0,0,0,0,0,0,0,0,0,0,0,0,0,0,0,0,0,0,0,0,0,0,0,0,0,0,0,0,0,0,0,0,0,0,0,0,0,0,0,0,0,0,0,0,0,0,0,0,0,0,0,0,0,0,0,0,0,0,0,0,0,0,0,0,0,0,0,0,0,0
Common Grackle,Quiscalus quiscula,0,0,0,0,0,0,0,0,0,0,0,0,0,0,0,0,0,0,0,0,0,0,0,0,0,0,1,0,0,0,5,7,40,5,4,3,5,9,2,5,0,19,3,1,6,1,0,4,0,0,4,0,5,0,1,0,0,2,0,1,0,0,1,0,0,0,0,0,0,1,0,0,0,0,1,0,0,0,0,0,1
Common Grackle (Purple),Quiscalus quiscula quiscula/stonei,0,0,0,0,0,0,0,3,0,0,0,0,1,0,0,0,0,0,0,0,0,0,0,0,0,0,0,0,0,0,0,0,0,0,0,0,0,0,0,0,0,0,0,0,0,0,0,0,0,0,0,0,0,0,0,0,0,0,0,0,0,0,0,0,0,0,0,0,0,0,0,0,0,0,0,0,0,0,0,0,0
Golden-crowned Kinglet,Regulus satrapa,0,0,0,0,0,0,4,0,0,3,2,2,0,57,2,0,0,0,0,5,0,0,0,0,0,0,0,0,1,0,0,0,0,0,0,0,0,0,0,1,3,0,0,0,0,0,0,0,0,0,0,0,0,2,0,0,0,0,0,0,0,0,0,0,0,0,0,0,0,0,0,0,0,0,0,0,0,0,0,0,0
Eastern Bluebird,Sialia sialis,0,0,0,0,0,0,0,0,0,0,0,0,0,0,0,0,0,0,0,0,0,0,0,0,0,0,0,0,0,0,0,0,0,0,0,0,0,0,0,0,0,0,0,0,0,0,0,0,0,0,0,0,0,0,0,0,0,0,0,0,0,0,0,0,0,0,0,0,0,4,0,0,0,0,0,0,7,0,1,0,1
Red-breasted Nuthatch,Sitta canadensis,0,0,0,0,0,0,0,0,0,0,0,1,1,0,0,0,0,0,2,0,0,0,0,0,0,0,1,1,0,0,0,1,0,1,0,1,0,0,0,1,0,3,4,1,0,1,0,0,2,1,8,3,1,2,10,0,22,0,18,10,11,0,3,0,0,70,0,1,2,0,2,1,0,1,2,0,1,1,6,6,3
White-breasted Nuthatch,Sitta carolinensis,7,2,0,0,2,20,13,10,13,22,5,31,53,24,37,34,15,21,9,24,15,26,11,14,9,10,9,12,17,15,43,20,38,18,53,92,85,114,27,61,56,61,74,65,71,81,31,124,75,98,89,109,74,44,87,55,85,80,132,66,390,84,109,183,71,70,60,85,64,30,84,97,64,68,91,63,93,66,98,136,103
nuthatch sp.,Sitta sp.,0,0,8,0,0,22,0,0,0,0,0,0,0,0,0,0,0,0,0,0,0,0,0,0,0,0,0,0,0,0,0,0,0,0,0,0,0,0,0,0,0,0,0,0,0,0,0,0,0,0,0,0,0,0,0,0,0,0,0,0,0,0,0,0,0,0,0,0,0,0,0,0,0,0,0,0,0,0,0,0,0
Pine Siskin,Spinus pinus,0,0,0,0,0,0,0,0,0,0,0,0,0,0,0,0,0,0,0,0,0,0,0,0,30,0,0,0,0,0,300,0,36,9,27,1,16,9,47,2,0,158,0,1,63,1,29,49,127,12,219,77,26,28,26,0,100,0,15,0,0,3,0,0,0,2,0,0,0,4,0,0,0,0,0,1,0,0,1,55,0
Spinus sp. (goldfinch sp.),Spinus sp. (goldfinch sp.),2,9,2,0,0,2,0,0,1,0,0,0,0,0,0,0,0,0,0,0,0,0,0,0,0,0,0,0,0,0,0,0,0,0,0,0,0,0,0,0,0,0,0,0,0,0,0,0,0,0,0,0,0,0,0,0,0,0,0,0,0,0,0,0,0,0,0,0,0,0,0,0,0,0,0,0,0,0,0,0,0
American Goldfinch,Spinus tristis,0,8,0,0,0,0,0,4,0,0,50,5,100,114,452,372,8,3,3,63,291,109,59,13,21,20,23,5,34,20,150,42,10,55,121,87,67,108,36,118,144,111,61,68,66,175,63,66,167,49,110,74,55,43,119,130,90,66,223,101,206,67,154,45,156,111,53,81,38,110,131,203,266,177,155,267,102,79,161,183,66
Clay-colored Sparrow,Spizella pallida,0,0,0,0,0,0,0,0,0,0,0,0,0,0,0,0,0,0,0,0,0,0,0,0,0,0,0,0,0,0,0,0,0,0,0,0,0,0,0,0,0,0,0,0,0,0,0,0,0,0,0,0,0,0,0,0,0,0,0,0,0,0,0,0,0,0,0,0,0,0,0,0,0,0,0,0,0,0,0,0,0
Chipping Sparrow,Spizella passerina,0,0,0,0,0,0,0,0,0,0,0,0,0,0,0,0,0,0,0,0,0,0,0,0,0,0,0,0,0,0,0,0,0,0,0,0,0,0,0,0,0,0,0,0,0,0,0,0,0,0,0,0,0,0,0,0,0,0,0,0,0,0,0,0,0,0,0,0,0,0,0,0,0,0,0,0,0,0,0,1,0
American Tree Sparrow,Spizelloides arborea,0,0,40,0,0,3,1,54,13,1,87,36,76,62,291,419,146,15,82,61,307,84,18,34,92,73,21,460,12,80,2,52,98,44,304,550,131,178,154,91,137,150,22,224,61,192,23,152,539,177,150,135,5,4,21,45,48,45,46,94,95,261,61,47,7,4,82,18,23,167,28,8,31,78,30,28,53,13,31,14,70
Great Gray Owl,Strix nebulosa,0,0,0,0,0,0,0,0,0,0,0,0,0,0,0,0,0,0,0,0,0,0,0,0,0,0,0,0,0,0,0,0,0,0,0,0,0,0,0,0,0,0,0,0,0,0,0,0,0,0,0,0,0,0,0,0,0,0,0,0,0,0,0,0,0,0,0,0,0,0,0,0,0,0,0,0,0,0,0,0,0
Barred Owl,Strix varia,0,0,0,0,0,0,0,0,0,1,0,3,0,0,0,1,0,1,2,0,1,0,0,0,0,1,0,1,0,0,0,0,1,0,0,0,0,2,0,0,0,1,2,0,2,1,1,1,1,2,0,0,0,1,1,0,1,0,2,1,2,2,0,0,1,1,0,3,1,3,3,2,2,1,5,1,2,1,1,1,1
Western/Eastern Meadowlark,Sturnella neglecta/magna,0,0,0,0,0,0,0,0,0,0,0,0,0,0,1,0,0,0,0,0,0,0,0,0,0,0,0,0,0,0,0,0,0,0,0,0,3,0,0,0,0,0,0,0,0,0,0,0,0,0,0,0,0,0,0,1,0,0,0,0,0,0,0,0,0,0,0,0,0,0,0,0,0,0,0,0,0,0,0,0,0
European Starling,Sturnus vulgaris,0,0,0,0,0,0,0,0,378,35,0,78,49,106,199,90,114,376,32,299,91,752,342,130,100,62,59,87,170,190,400,610,580,80,337,700,1388,948,224,1848,2100,918,1381,693,939,1339,351,1895,1062,794,587,1077,802,250,961,739,252,598,458,314,304,824,1415,541,381,1059,342,481,334,117,586,405,537,432,547,185,358,275,384,284,362
Northern Hawk Owl,Surnia ulula,0,0,0,0,0,0,0,0,0,0,0,0,0,0,0,0,0,0,0,0,0,0,0,0,0,0,0,0,0,0,0,0,0,0,0,0,0,0,0,0,0,0,0,0,0,0,0,0,0,0,0,0,0,0,0,0,0,1,0,0,0,0,0,0,0,0,0,0,0,0,0,0,0,0,0,0,0,0,0,0,0
Carolina Wren,Thryothorus ludovicianus,0,0,0,0,0,0,0,0,0,0,0,0,0,0,0,0,0,0,0,0,0,0,0,0,0,0,0,0,0,0,0,0,0,0,0,0,0,1,0,0,0,0,0,0,0,0,0,0,0,0,0,0,0,0,0,0,0,0,0,0,0,0,0,0,0,0,0,0,0,0,0,0,0,0,0,0,0,0,0,0,0
Brown Thrasher,Toxostoma rufum,0,0,0,0,0,0,0,0,0,1,0,0,0,0,0,0,0,0,0,0,0,0,0,0,0,0,0,0,0,0,0,0,0,0,0,0,0,1,0,0,1,0,0,0,0,0,0,0,0,0,0,0,0,0,1,0,0,0,0,0,0,0,0,0,1,0,0,0,0,0,0,0,0,0,0,0,0,0,0,0,0
Winter Wren,Troglodytes hiemalis,0,0,0,0,0,0,0,0,0,0,0,0,0,0,0,0,0,0,0,0,0,0,0,0,0,0,0,0,0,0,0,0,0,0,0,0,0,0,0,0,0,0,0,0,0,0,0,0,0,0,0,0,0,0,0,0,0,0,0,0,0,0,0,0,0,0,0,0,0,0,0,0,0,0,0,1,0,0,0,0,0
Pacific/Winter Wren,Troglodytes pacificus/hiemalis,0,0,0,0,0,0,0,0,0,0,0,0,0,0,1,0,0,0,0,0,0,0,0,0,0,0,0,0,0,0,0,0,0,0,0,0,0,0,0,0,0,0,0,0,0,0,0,0,0,0,0,0,0,0,0,0,0,0,0,0,0,0,0,0,0,0,0,0,0,2,0,0,0,0,0,0,0,0,0,0,0
American Robin,Turdus migratorius,1,0,0,0,0,0,0,1,0,0,0,2,0,0,0,0,0,0,0,0,0,1,0,0,0,0,0,0,0,0,3,1,1,0,2,0,1,13,1,2,12,10,2,2,5,1,0,0,33,2,1,0,0,0,6,2,3,0,28,68,22,51,1067,7,8,107,12,11,25,24,428,17,98,135,120,3,53,43,2,355,65
Mourning Dove,Zenaida macroura,0,0,0,0,0,0,0,0,0,0,0,0,1,0,16,0,0,0,0,0,0,35,1,0,0,0,0,1,0,1,1,0,0,2,45,76,15,3,6,50,5,18,42,9,31,12,6,24,37,90,83,32,33,2,33,50,29,24,120,63,36,86,52,15,40,30,22,11,33,14,36,45,26,82,46,23,20,20,6,12,11
White-throated Sparrow,Zonotrichia albicollis,0,0,0,0,0,0,0,0,0,0,0,0,0,0,0,0,0,0,0,0,0,0,0,0,0,2,0,0,0,0,2,0,0,3,0,0,0,2,0,0,0,0,0,0,0,0,0,0,0,0,0,0,1,0,0,0,0,0,4,0,0,1,0,2,1,0,0,1,0,0,0,0,0,1,0,3,1,1,0,21,0
White-crowned Sparrow,Zonotrichia leucophrys,0,0,0,0,0,0,0,0,0,0,0,0,0,0,0,0,0,0,0,0,0,0,0,0,0,0,0,0,0,0,0,0,0,0,0,0,0,0,0,0,0,0,0,0,0,0,0,0,0,0,0,0,0,0,0,0,0,0,0,0,0,0,0,0,0,0,0,0,0,0,0,0,1,0,0,0,0,0,0,0,0
