common.name,species.name,1901,1911,1913,1914,1915,1916,1917,1918,1919,1921,1922,1935,1936,1937,1938,1939,1942,1943,1944,1945,1946,1947,1948,1949,1950,1952,1953,1954,1955,1956,1957,1958,1959,1960,1961,1962,1963,1964,1965,1966,1967,1968,1969,1970,1971,1972,1973,1974,1975,1976,1977,1978,1979,1980,1981,1982,1983,1984,1985,1986,1987,1988,1989,1990,1991,1992,1993,1994,1995,1996,1997,1998,1999,2000,2001,2002,2003,2004,2005,2006,2007,2008,2009,2010,2011,2012,2013,2014,2015,2016,2017,2018,2019
Common Redpoll,Acanthis flammea,0,0,0,0,0,0,0,0,0,0,0,0,0,0,0,0,0,0,0,0,0,0,0,0,0,0,0,0,3,0,0,0,4,0,0,0,0,0,0,0,0,0,0,0,0,0,0,0,0,0,0,0,0,0,0,0,0,0,0,0,0,0,0,0,0,0,0,0,0,0,0,0,0,0,0,0,0,0,0,0,0,0,0,0,0,0,0,0,0,0,0,0,0
Cooper's Hawk,Accipiter cooperii,0,0,2,1,0,3,1,1,0,0,0,0,0,0,0,1,1,0,1,7,4,4,7,6,5,4,2,4,5,1,6,1,0,2,2,3,1,1,5,0,0,2,0,2,2,0,2,3,1,2,1,4,1,5,4,5,1,2,6,1,6,0,3,3,2,5,2,7,6,8,6,9,20,6,10,13,11,14,25,24,34,23,10,26,19,25,13,16,19,19,26,11,24
Northern Goshawk,Accipiter gentilis,0,0,0,0,0,0,0,0,0,0,0,0,0,0,0,0,0,0,0,0,0,0,0,0,0,0,0,0,0,0,0,0,0,0,0,0,0,0,0,0,0,0,0,1,0,0,0,0,0,0,0,0,0,0,0,0,0,0,0,1,0,0,0,0,0,0,0,0,0,0,1,0,0,0,0,0,0,0,0,0,0,0,0,0,0,0,0,0,0,0,0,0,0
Accipiter sp.,Accipiter sp.,0,0,0,0,0,0,0,0,0,0,0,0,0,0,0,0,0,0,0,0,0,0,0,0,0,0,0,0,0,0,0,0,0,0,0,0,0,0,0,0,0,0,0,0,0,0,0,0,0,0,0,0,0,0,0,1,0,0,0,0,0,0,1,1,0,0,0,1,0,1,0,0,0,0,0,0,1,1,0,0,2,0,1,2,1,0,0,0,1,0,0,0,0
Sharp-shinned Hawk,Accipiter striatus,0,0,0,1,0,1,1,1,0,0,1,0,0,0,0,0,0,0,0,1,1,1,8,0,1,3,10,7,5,0,6,1,3,2,2,0,2,0,0,1,0,0,1,1,0,2,2,9,4,5,5,5,5,7,13,10,11,7,26,24,14,11,17,9,19,19,18,23,17,12,14,28,32,14,23,19,23,21,23,28,23,16,8,14,18,17,9,12,11,8,10,5,5
hawk sp.,Accipitridae sp.,0,0,0,0,0,0,0,0,0,0,0,0,0,0,0,0,0,0,0,0,0,0,0,0,0,0,0,0,0,0,0,0,0,0,0,0,0,0,0,0,0,0,0,0,0,0,0,0,0,0,0,0,0,0,0,0,0,0,0,0,0,0,0,1,0,0,2,0,0,0,0,0,0,0,1,0,0,0,2,0,0,0,0,0,0,0,0,1,0,0,2,2,1
Northern Saw-whet Owl,Aegolius acadicus,0,0,0,0,0,0,0,0,0,0,0,0,0,0,0,0,0,0,0,0,0,0,0,0,0,0,0,0,0,0,0,0,0,0,0,0,0,0,0,1,0,1,1,0,0,0,0,0,0,0,0,0,1,1,0,0,0,0,0,0,1,0,0,0,0,0,0,0,0,0,1,3,0,0,0,0,0,0,0,0,0,0,0,0,0,0,0,0,0,0,0,0,0
Red-winged Blackbird,Agelaius phoeniceus,0,0,0,0,0,7,2,12,0,0,0,6,0,0,18,67,0,0,0,188,186,40,631,299,272,581,921,738,1478,587,2325,1533,3216,1989,877,420,540,980,530,380,650,130,100,400,340,422,9103,836,827,310,1373,3719,945,209,1084,634,159,509,154,236,415,552,105,183,720,357,350,262,352,260,688,1774,306,711,137,211,408,265,672,856,374,434,73,363,576,379,609,353,353,137,453,278,381
Wood Duck,Aix sponsa,0,0,0,0,0,0,0,0,0,0,0,0,0,0,0,0,0,0,0,0,0,0,4,0,0,2,2,4,0,0,0,0,0,0,0,0,1,0,3,1,5,4,5,49,1,7,40,28,8,25,26,17,12,6,24,9,114,6,18,13,52,50,69,104,67,90,84,103,6,101,85,104,58,72,134,41,61,69,33,44,67,37,3,23,29,10,10,11,27,8,17,6,6
kingfisher sp.,Alcedinidae sp.,0,0,0,1,3,1,1,1,0,0,1,3,0,0,1,1,0,0,0,0,0,0,0,0,0,0,0,0,0,0,0,0,0,0,0,0,0,0,0,0,0,0,0,0,0,0,0,0,0,0,0,0,0,0,0,0,0,0,0,0,0,0,0,0,0,0,0,0,0,0,0,0,0,0,0,0,0,0,0,0,0,0,0,0,0,0,0,0,0,0,0,0,0
Grasshopper Sparrow,Ammodramus savannarum,0,0,0,0,0,0,0,0,0,0,0,0,0,0,0,0,0,0,0,0,0,0,0,0,0,0,0,0,0,0,0,0,0,0,0,0,1,0,1,0,0,0,0,0,0,0,0,0,0,0,0,0,0,0,0,0,0,0,0,0,0,0,0,0,0,0,0,0,0,0,0,0,0,0,0,0,0,0,0,0,0,0,0,0,0,0,0,0,0,0,0,0,0
Northern Pintail,Anas acuta,0,0,0,0,0,0,0,0,0,0,0,4,0,175,640,331,0,0,0,220,484,205,371,600,272,476,2511,807,281,681,1171,803,1901,375,516,360,250,350,160,110,72,76,64,52,69,30,99,103,110,58,173,58,15,53,55,37,76,20,102,180,603,606,58,9,71,3,33,31,31,14,12,18,41,16,6,31,6,9,5,2,2,2,1,1,0,0,2,0,1,1,1,0,0
American Wigeon,Anas americana,0,0,0,0,0,0,0,0,0,0,0,0,0,0,0,0,0,0,0,1,0,0,0,0,1,15,65,150,233,215,128,182,143,110,127,52,60,53,58,37,44,36,22,16,49,13,10,20,5,4,56,35,50,4,17,40,31,16,5,35,5,21,26,8,15,23,32,15,20,9,13,13,10,9,1,6,0,4,1,1,3,0,0,19,3,2,0,0,3,2,6,19,3
Northern Shoveler,Anas clypeata,0,0,0,0,0,0,0,0,0,0,0,0,0,0,0,0,0,0,0,0,0,0,0,0,0,20,21,20,13,7,16,4,7,2,0,1,6,2,6,6,0,1,7,0,0,0,0,0,0,1,2,0,1,0,6,0,0,6,46,23,103,29,3,2,4,0,0,0,2,7,1,0,8,4,26,1,0,0,11,2,0,0,0,4,8,2,7,0,30,101,98,118,41
Green-winged Teal,Anas crecca,0,0,0,0,0,0,0,0,0,0,0,0,0,0,31,0,0,0,0,2,0,18,67,160,74,603,513,104,38,150,97,310,463,78,68,0,0,0,0,0,0,0,0,0,0,48,40,95,42,51,19,68,52,35,0,0,55,8,83,0,0,0,0,0,0,0,0,0,0,0,0,0,0,0,2,6,0,0,4,3,0,0,3,0,0,0,0,0,0,0,0,0,0
Green-winged Teal (American),Anas crecca carolinensis,0,0,0,0,0,0,0,0,0,0,0,0,0,0,0,0,0,0,0,0,0,0,0,0,0,0,0,0,0,0,0,0,0,0,0,65,25,190,210,24,190,28,67,49,0,0,0,0,0,0,0,0,0,0,0,10,0,0,0,73,319,394,16,65,13,8,6,4,4,13,8,12,24,3,0,0,7,0,0,0,0,0,0,7,0,0,0,0,0,2,26,0,0
Green-winged Teal (Eurasian),Anas crecca crecca/nimia,0,0,0,0,0,0,0,0,0,0,0,0,0,0,0,0,0,0,0,0,0,0,0,1,0,0,0,0,0,0,0,0,0,0,0,0,0,0,0,0,0,0,0,0,0,0,0,0,0,0,0,0,0,0,0,0,0,0,0,0,0,0,0,0,0,0,0,0,0,0,0,0,0,0,0,0,0,0,0,0,0,0,0,0,0,0,0,0,0,0,0,0,0
Blue-winged Teal,Anas discors,0,0,0,0,0,0,0,0,0,0,0,1,0,0,54,2,0,0,0,0,0,0,0,0,0,0,0,0,0,0,0,0,0,0,0,0,0,0,0,0,0,0,0,0,0,0,0,0,0,0,0,0,0,0,0,0,0,0,0,0,0,1,0,0,0,0,0,0,0,0,0,0,0,0,0,0,1,0,0,0,0,0,0,0,0,0,0,0,0,0,0,0,0
Eurasian Wigeon,Anas penelope,0,0,0,0,0,0,0,0,0,0,0,0,0,0,0,0,0,0,0,0,0,0,0,0,0,0,0,0,0,0,0,0,0,0,0,0,0,0,0,0,0,0,0,0,0,0,3,0,0,0,0,0,0,0,0,0,0,0,0,0,0,0,0,0,0,0,0,0,0,0,0,0,0,0,0,0,0,0,0,0,0,0,0,0,0,0,0,0,0,0,0,0,0
Mallard,Anas platyrhynchos,0,0,0,0,0,0,50,0,0,3,0,18,5,94,258,173,0,0,0,15,40,80,105,18,164,224,827,185,203,183,95,173,211,65,160,190,200,190,240,90,520,220,170,240,350,340,701,1510,577,681,1248,685,557,760,1068,771,866,1031,1821,2296,1360,1544,1146,893,1378,1097,1237,1232,782,1053,990,1189,1242,1598,1454,1853,1325,1364,1428,986,1381,1149,1171,1162,1193,892,1052,892,1136,1624,1043,881,792
American Black Duck,Anas rubripes,0,0,0,0,0,3,25,3,3,212,0,13,0,82,302,204,0,0,0,340,77,404,777,29,271,1116,2094,1068,185,1573,593,642,702,373,1155,330,340,240,200,300,160,180,180,330,110,293,331,474,337,218,520,468,247,291,292,204,371,193,445,789,355,320,392,104,343,279,185,135,127,338,241,115,59,87,94,176,130,58,102,41,40,26,51,105,61,24,75,28,21,28,39,3,7
American Black Duck x Mallard (hybrid),Anas rubripes x platyrhynchos,0,0,0,0,0,0,0,0,0,0,0,0,0,0,0,0,0,0,0,0,0,0,0,1,0,0,0,0,0,0,0,0,0,0,0,0,0,0,0,0,0,0,0,0,0,0,0,0,0,0,0,0,0,0,0,0,0,0,0,0,0,0,0,0,0,0,0,0,0,0,0,0,0,0,0,0,0,0,0,0,0,0,0,0,0,0,0,0,0,0,0,0,0
Gadwall,Anas strepera,0,0,0,0,0,0,0,0,1,0,0,0,0,0,0,0,0,0,0,0,0,3,0,0,0,0,7,2,0,0,0,2,1,0,2,0,1,0,3,1,0,3,0,0,0,0,1,0,0,0,0,1,1,8,7,0,0,1,1,3,1,7,97,1,20,5,4,2,50,3,4,3,50,394,5,109,12,2,0,1,1,8,13,13,10,1,17,26,67,61,108,3,59
duck sp.,Anatinae sp.,0,0,0,0,0,0,0,0,0,0,0,0,0,0,0,0,0,0,0,0,0,0,0,0,0,0,0,0,0,0,0,0,0,0,0,0,0,0,0,0,0,0,0,0,0,0,0,0,0,0,0,0,0,0,0,0,0,0,0,0,0,0,0,0,0,0,0,0,0,0,0,0,0,0,0,0,0,0,0,0,0,0,0,0,0,0,0,0,0,0,0,6,0
Greater White-fronted Goose,Anser albifrons,0,0,0,0,0,0,0,0,0,0,0,0,0,0,0,0,0,0,0,0,0,0,0,0,0,0,0,0,0,0,0,0,0,0,0,0,0,0,0,0,0,0,0,0,0,0,0,0,0,0,0,0,0,0,0,0,0,0,0,0,0,0,0,0,0,0,0,0,0,0,0,0,0,1,0,0,0,0,1,1,0,0,1,0,0,0,0,0,0,0,0,0,0
Domestic goose sp. (Domestic type) x Canada Goose (hybrid),Anser sp. (Domestic type) x Branta canadensis,0,0,0,0,0,0,0,0,0,0,0,0,0,0,0,0,0,0,0,0,0,0,0,0,0,0,0,0,0,0,0,0,0,0,0,0,0,0,0,0,0,0,0,0,0,0,0,0,0,0,0,0,0,0,0,0,0,0,0,0,0,0,0,0,0,0,0,0,0,0,0,0,0,0,0,0,0,0,0,0,0,0,0,0,1,0,0,0,0,0,0,0,0
American Pipit,Anthus rubescens,0,0,0,0,0,0,0,0,0,0,0,0,0,0,0,0,0,0,0,0,0,0,0,0,1,0,12,0,0,0,0,1,0,0,36,0,2,1,0,4,0,1,0,14,0,6,3,2,0,20,2,0,0,0,12,0,0,13,44,6,7,10,3,0,4,6,1,2,2,11,2,10,11,3,3,155,3,3,7,1,2,2,1,3,0,0,5,0,0,2,2,0,0
pipit sp.,Anthus sp.,0,0,0,0,0,0,0,15,0,0,0,0,0,0,0,0,0,0,0,0,0,0,0,0,0,0,0,0,0,0,0,0,0,0,0,0,0,0,0,0,0,0,0,0,0,0,0,0,0,0,0,0,0,0,0,0,0,0,0,0,0,0,0,0,0,0,0,0,0,0,0,0,0,0,0,0,0,0,0,0,0,0,0,0,0,0,0,0,0,0,0,0,0
Great Egret,Ardea alba,0,0,0,0,0,0,0,0,0,0,0,0,0,0,0,0,0,0,0,0,0,0,0,0,0,0,1,2,0,1,0,0,0,0,0,0,0,0,0,0,0,0,0,0,0,0,0,0,0,0,0,0,0,0,0,0,0,0,0,0,0,0,0,4,0,0,0,1,0,1,0,3,6,0,6,4,1,2,0,4,14,2,1,1,9,3,3,3,1,0,3,2,0
Great Blue Heron (Blue form),Ardea herodias,0,0,0,1,1,0,0,1,0,2,0,1,0,2,1,3,0,0,0,12,4,9,13,15,12,10,72,37,23,21,34,16,32,9,28,23,11,8,37,9,23,20,7,19,29,20,52,57,62,70,54,85,49,50,41,39,43,68,94,183,112,115,162,148,156,146,143,106,206,112,149,110,166,111,105,213,104,100,96,92,74,79,45,74,59,64,56,77,73,49,77,26,41
Short-eared Owl,Asio flammeus,0,0,0,0,0,0,0,0,0,0,0,0,0,0,0,0,0,0,0,0,0,0,0,0,0,0,2,0,0,0,1,1,1,0,1,0,0,0,0,0,0,0,0,1,0,0,9,11,1,0,0,4,5,1,0,0,0,0,0,0,0,0,0,0,0,0,0,0,0,0,2,0,0,0,0,0,0,0,0,0,0,0,0,0,0,0,0,0,0,0,0,0,0
Long-eared Owl,Asio otus,0,0,0,0,0,0,0,0,0,0,0,0,0,0,0,0,0,0,0,0,0,0,0,0,0,0,0,0,0,0,0,0,0,0,0,0,0,0,0,1,0,0,1,0,0,0,1,0,2,0,1,0,0,0,0,0,0,0,0,0,0,0,0,0,0,0,0,0,0,0,0,0,0,0,0,0,0,0,0,0,0,0,0,0,0,0,0,0,0,0,0,0,0
Lesser Scaup,Aythya affinis,0,0,18,0,0,1,6000,12,0,0,0,26,8,8,0,0,0,0,0,1,0,0,0,0,0,4,23,48,148,28,23,427,27,700,3022,150,4700,3800,450,160,15,0,0,12,230,0,29,63,52,165,233,13,4,83,871,4,88,8,1364,32,13,181,630,4,2,14,42,20,144,100,7,81,29,65,104,212,57,50,515,146,56,348,233,1004,102,1200,211,170,11,807,83,0,0
Redhead,Aythya americana,0,0,0,0,0,0,100,0,0,0,500,1,0,4,0,0,0,0,0,1,0,0,0,0,2,0,0,0,7,4,0,4,0,0,19,10,9,120,8,2,0,0,0,1,0,0,0,0,0,4,0,0,6,0,2,0,0,0,5,3,2,7,12,0,2,0,0,2,3,1,5,1,1,2,3,2,0,5,0,0,1,0,4,11,0,0,0,1,0,60,15,0,0
Ring-necked Duck,Aythya collaris,0,0,0,0,0,0,0,0,0,0,0,0,0,0,0,0,0,0,0,0,0,0,0,0,0,0,1,3,0,2,2,1,3,18,66,50,180,400,170,44,0,34,32,15,7,5,88,47,25,20,19,2,3,3,53,0,152,262,177,122,0,3,3,9,2,1,2,50,31,77,87,4,3,63,84,73,30,15,160,2,11,47,78,44,6,45,122,54,24,44,60,36,17
Greater Scaup,Aythya marila,0,0,0,0,0,0,500,0,0,0,0,0,0,0,0,0,0,0,0,0,0,0,1,0,1,1,0,4,0,24,1,0,3,500,1000,2,400,3800,450,1,0,0,0,0,1,2,1,4,4,1,4,6,1,0,4,0,4,0,213,1,2,1,13,1,1,1,10,5,11,41,0,2,3,3,16,3,5,5,2,0,0,0,1,0,0,0,0,0,0,6,1,1,0
Greater/Lesser Scaup,Aythya marila/affinis,0,0,0,0,0,0,0,0,3000,5000,15000,0,0,0,23,135,0,0,0,0,0,0,13,0,0,0,0,0,0,0,0,0,0,2045,0,0,0,0,0,0,0,0,0,0,0,0,75,0,17,6,0,0,2,0,10,0,30,0,242,46,75,73,2,280,24,50,165,109,981,360,252,0,65,0,0,406,0,1,55,0,0,0,15,0,0,0,0,0,13,161,0,0,7
Canvasback,Aythya valisineria,0,0,0,0,0,0,500,0,32,50,5000,0,6,2,0,0,0,0,0,0,0,1,4,0,0,5,9,7,24,23,0,20,2,66,410,600,270,360,4,8,0,0,12,8,8,16,9,9,47,43,8,1,0,3,83,17,36,26,292,36,16,129,194,8,30,5,16,73,119,178,85,63,83,38,3,35,11,0,21,0,0,0,15,64,0,0,13,1,0,5,0,0,0
Tufted Titmouse,Baeolophus bicolor,20,3,11,8,26,7,12,30,26,10,6,33,7,30,26,11,5,7,17,227,196,292,294,288,220,328,502,513,528,291,363,413,475,245,372,330,410,330,300,350,230,240,200,420,290,228,365,415,328,232,360,440,481,420,676,637,486,583,543,597,522,428,502,239,644,484,539,938,479,489,590,412,713,631,536,268,186,228,321,455,396,459,238,542,680,618,630,453,436,300,467,113,411
Cedar Waxwing,Bombycilla cedrorum,0,0,0,1,0,0,0,0,0,0,0,8,0,0,20,0,6,0,0,9,24,33,14,45,50,20,48,76,66,4,98,8,47,7,44,48,110,150,200,34,160,120,28,100,54,189,146,597,182,220,214,440,143,449,495,1080,361,594,1967,146,285,102,67,43,752,136,74,180,356,152,325,414,457,78,372,782,274,63,357,94,231,273,18,165,926,692,163,68,688,680,104,170,592
American Bittern,Botaurus lentiginosus,0,0,0,0,0,0,0,0,0,0,0,2,0,0,0,0,0,0,0,0,0,0,0,0,0,0,1,0,1,0,0,0,0,0,0,0,0,0,0,0,1,0,0,0,0,1,0,0,0,0,0,0,0,0,0,0,0,0,0,0,0,0,0,0,0,0,0,0,0,0,0,0,0,0,0,0,0,0,1,0,0,0,0,0,0,0,0,0,1,0,0,0,0
Brant,Branta bernicla,0,0,0,0,0,0,0,0,0,0,0,0,0,0,0,0,0,0,0,0,0,0,0,0,0,0,0,0,0,0,0,0,0,0,0,0,0,0,0,0,0,0,0,0,0,0,0,0,0,0,0,0,0,0,0,0,0,0,0,0,0,0,0,0,0,0,1,0,0,0,0,4,0,0,0,0,0,0,0,0,0,0,0,0,0,0,0,0,0,0,0,0,0
Canada Goose,Branta canadensis,0,0,0,0,0,25,0,0,0,0,0,0,0,0,0,0,0,0,0,0,0,0,1,0,0,15,6,0,14,1,55,2,0,10,0,15,6,1,49,0,1,1,0,28,16,101,26,1,19,72,183,3,51,180,463,25,132,186,849,538,848,1356,951,863,1013,1254,1980,1166,2507,1600,3132,2720,3685,8817,3095,4664,3928,5414,5756,5316,6260,6977,6233,6386,2846,3760,5828,6223,2560,5382,8104,4844,6902
Cackling Goose,Branta hutchinsii,0,0,0,0,0,0,0,0,0,0,0,0,0,0,0,0,0,0,0,0,0,0,0,0,0,0,0,0,0,0,0,0,0,0,0,0,0,0,0,0,0,0,0,0,0,0,0,0,0,0,0,0,0,0,0,0,0,0,0,0,0,0,0,0,0,0,0,0,0,0,0,0,0,0,0,0,0,0,0,0,0,0,3,1,0,1,9,1,0,0,0,0,5
Snowy Owl,Bubo scandiacus,0,0,0,0,0,0,0,0,0,0,0,0,0,0,0,0,0,0,0,1,0,0,0,1,0,0,0,0,0,0,0,0,0,0,0,0,0,0,0,0,0,0,0,0,0,0,0,0,0,0,0,0,0,0,0,0,0,0,0,0,0,0,0,0,0,0,0,0,0,0,0,0,0,0,0,0,0,0,0,0,0,0,0,0,0,0,0,1,0,0,0,0,0
Great Horned Owl,Bubo virginianus,0,0,0,0,0,0,0,0,0,0,0,0,0,0,0,0,0,0,0,1,1,0,0,2,0,3,5,2,4,1,3,1,2,3,3,7,4,3,1,3,2,2,5,3,2,6,5,5,4,6,5,10,2,6,6,3,4,8,2,5,6,2,2,3,2,4,6,3,4,8,5,4,3,4,3,3,5,2,2,2,2,3,0,0,0,0,0,0,1,0,0,0,0
Bufflehead,Bucephala albeola,0,0,0,0,0,0,12,0,0,0,0,0,0,1,0,0,0,0,0,0,0,0,0,0,3,36,25,20,55,15,33,198,65,62,87,110,190,91,22,36,12,24,59,47,34,17,46,78,66,44,82,70,113,54,67,23,115,65,263,175,426,240,105,46,46,42,129,59,222,186,97,149,272,53,44,131,50,24,54,48,57,64,41,68,21,15,52,63,158,77,209,55,59
Common Goldeneye,Bucephala clangula,0,0,0,0,0,0,0,0,0,0,0,0,0,0,0,0,0,0,0,0,0,4,0,0,0,1,3,6,0,1,0,6,0,1,5,1,8,3,1,2,4,0,1,4,2,1,4,1,8,15,40,99,5,3,16,5,2,6,29,8,8,4,10,1,1,1,2,6,13,6,6,1,1,8,1,2,5,7,1,2,4,0,0,1,0,0,1,0,0,5,14,0,1
Common/Barrow's Goldeneye,Bucephala clangula/islandica,0,0,0,0,0,0,30,8,2000,6,500,0,0,0,0,2,0,0,0,0,0,0,0,0,0,0,0,0,0,0,0,0,0,0,0,0,0,0,0,0,0,0,0,0,0,0,0,0,0,0,0,0,0,0,0,0,0,0,0,0,0,0,0,0,0,0,0,0,0,0,0,0,0,0,0,0,0,0,0,0,0,0,0,0,0,0,0,0,0,0,0,0,0
Red-tailed Hawk,Buteo jamaicensis,0,0,0,0,1,1,1,0,1,0,0,1,1,1,2,1,0,0,0,6,6,6,10,11,10,16,42,17,13,7,18,16,17,17,12,9,23,16,15,15,11,10,18,16,20,12,18,31,36,36,47,33,24,30,50,36,49,34,46,54,40,44,41,24,41,40,40,37,49,33,31,55,54,18,59,38,56,69,41,49,61,30,38,47,45,43,34,50,54,37,52,18,28
Red-tailed Hawk (abieticola),Buteo jamaicensis abieticola,0,0,0,0,0,0,0,0,0,0,0,0,0,0,0,0,0,0,0,0,0,0,0,0,0,0,0,0,0,0,0,0,0,0,0,0,0,0,0,0,0,0,0,0,0,0,0,0,0,0,0,0,0,0,0,0,0,0,0,0,0,0,0,0,0,0,0,0,0,0,0,0,0,0,0,0,0,0,0,0,0,0,0,0,0,0,0,0,0,0,0,0,0
Rough-legged Hawk,Buteo lagopus,0,0,0,0,0,0,0,0,0,0,0,0,0,0,1,0,0,0,0,1,1,0,0,1,1,0,0,0,1,0,0,0,0,1,1,0,2,0,0,2,2,1,1,1,1,0,0,0,0,0,0,0,0,1,0,2,0,0,1,0,0,1,0,0,0,0,0,0,0,0,0,0,0,0,0,0,0,0,0,0,0,0,0,0,0,0,0,0,0,0,0,0,0
Red-shouldered Hawk,Buteo lineatus,0,0,4,4,2,2,1,2,1,1,2,0,2,0,0,0,0,0,0,6,3,8,11,10,11,19,29,20,19,7,24,15,14,15,15,11,15,13,10,4,4,4,8,9,6,4,15,10,10,22,14,10,17,7,17,18,19,8,13,24,20,11,8,3,12,13,16,24,15,18,26,13,22,10,19,19,22,32,23,38,39,35,16,52,31,50,33,44,36,21,38,12,34
Broad-winged Hawk,Buteo platypterus,0,0,0,0,0,1,1,1,0,0,0,0,0,0,0,0,0,0,0,0,0,0,0,0,0,0,0,0,0,0,0,0,0,0,0,0,0,0,0,0,1,0,0,0,0,0,0,0,0,0,1,0,0,0,0,0,0,0,0,0,0,0,0,0,0,0,0,0,0,0,0,0,0,0,1,0,1,0,0,0,0,0,0,0,0,0,0,0,0,0,0,0,0
Buteo sp.,Buteo sp.,0,0,0,0,0,0,0,0,0,0,0,0,0,0,0,0,0,0,0,0,0,0,0,0,0,0,0,0,0,0,0,0,0,0,0,0,0,0,0,0,0,0,0,0,0,0,0,0,0,0,0,0,0,0,0,0,0,0,0,0,0,0,0,0,0,0,0,0,0,2,0,0,0,0,0,0,0,0,1,0,0,1,1,0,2,0,1,0,2,0,0,0,0
Green Heron,Butorides virescens,0,0,0,0,0,0,0,0,0,0,0,0,0,0,0,0,0,0,0,0,0,0,0,0,0,0,0,0,0,0,0,0,0,0,0,0,0,0,0,0,0,0,0,1,0,0,0,0,0,0,0,0,2,0,0,0,0,0,0,0,0,0,0,0,1,0,0,0,0,0,0,0,0,0,0,0,0,0,0,0,0,0,0,0,0,0,0,0,0,1,0,0,0
Lapland Longspur,Calcarius lapponicus,0,0,0,0,0,0,0,0,0,0,0,0,0,0,0,0,0,0,0,0,0,0,0,0,0,0,0,0,0,0,0,0,0,0,0,0,2,0,0,0,0,0,1,0,0,0,0,0,0,0,0,1,0,0,0,0,0,0,0,0,0,0,0,0,0,0,0,0,0,0,0,0,0,0,0,0,0,0,0,0,0,0,0,0,0,0,0,0,0,0,0,0,0
Sanderling,Calidris alba,0,0,0,0,0,0,0,0,0,0,0,0,0,0,0,0,0,0,0,0,0,0,0,0,0,0,0,0,0,0,0,0,0,0,0,0,0,0,0,0,0,0,0,0,0,0,0,0,0,0,1,0,0,0,0,0,0,0,0,0,0,0,0,0,0,0,0,0,0,0,0,0,0,0,0,0,0,0,0,0,0,0,0,0,0,0,0,0,0,0,0,0,0
Dunlin,Calidris alpina,0,0,0,0,0,0,0,0,0,0,0,0,0,0,0,0,0,0,0,0,0,0,0,0,0,0,0,0,0,0,0,0,0,12,0,0,0,0,0,0,1,0,1,9,0,2,1,0,0,0,0,0,0,4,7,0,0,0,0,1,0,0,0,1,0,0,0,3,0,0,0,6,4,2,0,6,0,2,0,0,0,0,0,1,0,0,0,3,0,0,1,0,0
Western Sandpiper,Calidris mauri,0,0,0,0,0,0,0,0,0,0,0,0,0,0,0,0,0,0,0,0,0,0,0,0,0,0,0,0,0,0,0,0,0,0,0,0,0,0,0,0,0,0,0,0,0,0,0,0,0,0,0,0,0,0,0,0,0,0,0,0,0,0,0,1,0,0,0,0,0,0,0,0,0,0,0,0,0,0,0,0,0,0,0,0,0,0,0,0,0,0,0,0,0
Pectoral Sandpiper,Calidris melanotos,0,0,0,0,0,0,0,0,0,0,0,0,0,0,0,0,0,0,0,0,0,0,0,0,0,0,1,0,0,0,0,0,0,0,0,0,0,0,0,0,0,0,0,0,0,0,0,0,0,0,0,0,0,0,0,0,0,0,0,0,0,0,0,0,0,0,0,0,0,0,0,0,0,0,0,0,0,0,0,0,0,0,0,0,0,0,0,0,0,0,0,0,0
Least Sandpiper,Calidris minutilla,0,0,0,0,0,0,0,0,0,0,0,0,0,0,0,0,0,0,0,0,0,0,0,0,0,0,0,0,0,3,4,0,0,0,0,0,1,0,1,0,0,0,0,0,0,2,1,0,0,0,0,0,0,0,0,0,0,0,0,0,0,0,0,0,0,0,0,0,0,0,0,0,0,0,0,0,0,0,0,0,0,0,0,0,0,0,2,0,0,0,0,0,0
Semipalmated Sandpiper,Calidris pusilla,0,0,0,0,0,0,0,0,0,0,0,0,0,0,0,0,0,0,0,0,0,0,0,0,0,0,11,0,0,0,1,0,0,0,0,0,0,0,0,0,0,0,1,0,0,0,0,0,0,0,0,0,0,0,0,0,0,0,0,0,0,0,0,0,0,0,0,0,0,0,0,0,0,0,0,0,0,0,0,0,0,0,0,0,0,0,0,0,0,0,0,0,0
Crested Caracara,Caracara cheriway,0,0,0,0,0,0,0,0,0,0,0,0,0,0,0,0,0,0,0,0,0,0,0,0,0,0,0,0,0,0,0,0,0,0,0,0,0,0,0,0,0,0,0,0,0,0,0,0,0,0,0,0,0,0,0,0,0,0,0,0,0,0,0,0,1,0,0,0,0,0,0,0,0,0,0,0,0,0,0,0,0,0,0,0,0,0,0,0,0,0,0,0,0
Wilson's Warbler,Cardellina pusilla,0,0,0,0,0,0,0,0,0,0,0,0,0,0,0,0,0,0,0,0,0,0,0,0,0,0,0,0,0,0,0,0,0,0,0,0,0,0,0,0,0,0,0,0,0,0,0,0,1,0,0,0,0,0,0,0,0,0,0,0,0,0,0,0,0,1,0,1,0,0,0,0,0,1,0,0,0,0,2,1,0,0,0,0,0,0,0,0,1,1,0,0,0
Northern Cardinal,Cardinalis cardinalis,10,12,15,17,8,18,20,25,13,4,8,48,5,25,40,48,18,23,48,283,260,274,342,333,376,692,876,634,758,479,607,650,765,585,872,1100,1000,900,900,1000,830,880,800,1200,690,722,1226,1177,1102,726,906,828,1210,1188,1054,1106,1096,1310,957,814,1024,662,706,433,921,733,862,966,566,630,562,585,680,613,463,542,592,1116,822,862,750,1006,535,724,833,909,974,1127,965,722,833,651,1038
Turkey Vulture,Cathartes aura,3,5,20,1,8,11,34,8,5,17,14,7,17,0,6,2,0,1,0,70,110,204,147,256,63,156,547,137,402,383,228,111,180,12,100,52,240,300,270,230,220,280,150,140,150,160,306,181,202,182,83,128,212,212,144,316,199,213,95,296,30,26,12,0,25,19,17,7,6,34,15,120,25,0,74,18,33,41,26,89,34,21,32,12,42,29,19,20,69,2,88,0,2
new world vulture sp.,Cathartidae sp.,0,0,0,0,0,0,0,0,0,0,0,0,0,0,0,0,0,0,0,0,0,0,0,0,0,0,0,0,0,0,0,0,0,0,0,0,0,0,0,0,0,0,0,0,0,0,0,0,0,0,0,0,0,0,0,0,0,0,0,0,0,0,0,0,0,0,0,0,0,0,0,0,0,0,1,0,0,0,0,0,0,0,0,0,0,0,0,0,0,0,0,0,0
Hermit Thrush,Catharus guttatus,0,0,0,12,1,1,1,5,0,1,0,0,0,0,0,0,0,0,1,3,5,16,4,5,16,12,25,35,10,3,1,0,3,0,1,2,5,4,1,3,1,3,3,3,8,4,9,13,8,9,10,16,9,11,3,10,18,11,21,2,8,7,11,3,1,2,4,3,8,20,13,23,16,14,12,13,5,16,44,29,22,21,9,26,27,15,28,34,22,24,26,11,34
Catharus sp.,Catharus sp.,0,0,0,0,0,0,0,0,0,0,0,0,0,0,0,0,0,0,0,0,0,0,0,0,0,0,0,0,0,0,0,0,0,0,0,0,0,0,0,0,0,0,0,0,0,0,0,0,0,0,0,0,0,0,0,0,0,0,0,0,0,0,1,0,0,0,0,0,0,0,0,0,0,0,0,0,0,0,0,0,0,0,0,0,0,0,0,0,0,0,0,0,0
Swainson's Thrush,Catharus ustulatus,0,0,0,0,0,0,0,0,0,0,0,0,0,0,0,0,0,0,0,0,0,0,0,0,0,0,0,0,1,0,0,0,0,0,0,0,0,0,0,0,0,0,0,0,0,0,0,0,0,0,0,0,0,0,0,0,0,0,0,0,0,0,0,0,0,0,0,0,0,0,0,0,0,0,0,0,0,0,0,0,0,0,0,0,0,0,0,0,0,0,0,0,0
Brown Creeper,Certhia americana,12,3,1,1,2,1,11,13,1,0,2,0,1,6,3,0,0,3,2,19,23,27,17,26,23,38,72,96,45,16,29,40,13,14,13,24,16,11,25,14,10,17,13,19,30,17,44,33,29,11,20,17,33,54,25,76,82,23,19,44,26,21,34,11,34,23,31,9,23,13,18,13,12,9,15,10,14,14,51,20,22,17,18,16,13,20,24,23,27,10,8,14,6
Killdeer,Charadrius vociferus,0,0,208,1,4,0,0,25,0,15,15,1,1,1,13,10,0,0,0,9,24,50,29,231,37,295,325,211,88,72,160,68,234,72,154,40,63,110,140,26,73,93,74,100,130,90,251,210,197,228,43,159,197,160,237,234,106,0,38,175,106,75,52,33,21,31,97,120,42,2,148,72,65,57,33,73,69,119,31,67,46,1,30,21,32,74,70,63,51,22,44,0,0
Snow Goose,Chen caerulescens,0,0,0,0,0,0,0,0,0,0,0,0,0,0,0,0,0,0,0,0,0,0,0,0,1,0,0,0,0,0,0,0,0,0,0,0,0,0,0,0,0,0,0,0,0,0,0,0,0,0,0,0,0,0,31,0,0,0,0,8,33,0,0,0,0,30,0,28,37,18,25,11,18,26,22,2,5,45,0,0,0,0,0,0,0,0,1,0,0,0,1,0,0
Lark Sparrow,Chondestes grammacus,0,0,0,0,0,0,0,0,0,0,0,0,0,0,0,0,0,0,0,0,0,0,0,0,0,0,0,0,0,0,0,0,0,0,0,0,0,0,0,0,0,0,0,0,0,0,0,0,0,0,0,0,0,0,0,0,0,0,0,0,0,0,0,0,0,0,0,0,0,0,0,0,0,0,0,0,0,0,0,0,0,0,0,0,0,0,0,0,0,0,1,1,1
Bonaparte's Gull,Chroicocephalus philadelphia,0,0,0,0,0,0,0,0,0,0,0,0,0,0,0,0,0,0,0,0,11,0,0,0,0,0,2,0,0,6,0,0,0,1,12,0,0,1,3,0,0,1,0,4,0,46,1,6,36,0,2,12,0,5,3,1,0,3,1,2,2,1,26,2,16,4,15,2,3,8,4,186,3,2,3,2,3,18,4,2,3,0,30,0,0,0,0,1,0,5,0,0,0
Black-headed Gull,Chroicocephalus ridibundus,0,0,0,0,0,0,0,0,0,0,0,0,0,0,0,0,0,0,0,0,0,0,0,0,0,0,0,0,0,0,0,0,0,0,0,0,0,0,0,0,0,0,0,0,0,0,0,0,0,0,0,0,0,0,0,0,0,0,0,0,0,0,1,0,0,0,0,0,0,0,0,1,0,0,0,0,0,0,0,0,0,0,0,0,0,0,0,0,0,0,0,0,0
Northern Harrier,Circus cyaneus,0,0,3,2,0,3,1,0,4,1,0,0,0,0,0,0,0,0,0,5,0,2,2,4,0,0,5,2,1,2,1,1,4,5,4,1,1,0,2,0,0,0,1,2,1,1,0,1,1,2,2,2,0,1,3,0,1,2,2,1,2,1,6,0,1,1,1,2,1,2,1,1,1,1,1,1,3,2,2,1,1,0,0,1,1,0,0,0,2,1,0,0,0
Marsh Wren,Cistothorus palustris,0,0,0,2,0,0,0,0,0,0,0,0,0,0,0,0,0,0,0,0,1,0,1,1,1,3,48,6,6,1,38,7,10,1,5,1,1,2,0,1,0,1,0,0,0,0,3,0,0,0,0,1,2,2,1,0,0,0,0,1,0,0,0,0,0,0,0,0,0,0,1,0,0,0,0,0,0,0,0,0,0,0,0,0,0,0,0,0,0,0,0,0,0
Sedge Wren,Cistothorus platensis,0,0,0,0,0,0,0,0,0,0,0,0,0,0,0,0,0,0,0,0,0,0,0,0,0,0,1,1,1,0,0,0,3,0,0,1,0,0,0,1,0,0,0,0,0,0,0,0,0,0,0,0,0,0,0,0,0,0,0,0,0,0,0,0,0,0,0,0,0,0,1,0,0,0,0,0,0,0,0,0,0,0,0,0,0,0,0,0,0,0,0,0,0
Long-tailed Duck,Clangula hyemalis,0,0,0,0,0,0,0,0,0,0,0,0,0,0,0,0,0,0,0,0,0,0,1,0,0,0,0,0,0,2,0,0,1,0,0,0,0,2,0,1,0,1,1,3,2,1,1,2,7,0,0,0,0,0,13,0,3,8,1,5,3,2,5,2,2,16,2,2,5,9,2,3,4,9,1,2,1,0,1,0,0,0,0,0,0,0,0,0,58,0,3,0,0
Evening Grosbeak,Coccothraustes vespertinus,0,0,0,0,0,0,0,0,0,0,0,0,0,0,0,0,0,0,0,32,0,0,0,0,0,0,0,0,34,0,0,0,6,1,132,0,210,0,0,3,0,180,220,2,53,86,12,4,90,11,58,12,5,6,5,2,27,3,6,0,0,0,4,0,0,0,0,0,2,0,12,13,0,0,0,0,0,0,0,0,0,0,0,0,0,0,0,0,0,0,0,0,0
Northern Flicker,Colaptes auratus,3,0,11,11,7,4,12,15,11,3,7,1,0,3,0,0,3,7,1,14,19,0,0,0,0,0,0,0,0,0,0,0,0,0,0,0,0,0,0,0,0,0,0,0,0,0,0,0,0,0,0,0,0,0,0,0,0,175,0,0,0,0,0,0,0,0,0,0,0,0,0,0,0,0,96,0,0,0,0,88,0,0,60,0,0,130,0,0,0,0,0,61,0
Northern Flicker (Yellow-shafted),Colaptes auratus auratus/luteus,0,0,0,0,0,0,0,0,0,0,0,0,0,0,0,0,0,0,0,0,0,26,42,23,67,112,146,109,85,32,91,84,118,39,46,77,52,54,42,31,36,32,24,43,21,20,98,127,68,75,46,101,59,89,135,104,94,0,113,155,140,78,71,26,202,100,116,128,81,47,98,48,66,62,0,124,83,77,168,0,151,110,0,117,101,0,148,128,136,86,124,0,183
Northern/Gilded Flicker,Colaptes auratus/chrysoides,0,0,0,0,0,0,0,0,0,0,0,0,0,0,3,0,0,0,0,0,0,0,0,0,0,0,0,0,0,0,0,0,0,0,0,0,0,0,0,0,0,0,0,0,0,0,0,0,0,0,0,0,0,0,0,0,0,0,0,0,0,0,0,0,0,0,0,0,0,0,0,0,0,0,0,0,0,0,0,0,0,0,0,0,0,0,0,0,0,0,0,0,0
Northern Bobwhite,Colinus virginianus,0,0,12,10,8,20,32,0,21,9,8,0,0,12,29,0,0,4,0,29,3,24,36,46,25,71,146,74,63,23,81,8,98,156,65,260,210,110,100,200,150,220,120,130,100,65,90,71,94,103,53,32,72,68,50,67,55,44,24,17,8,20,26,0,10,7,4,4,8,16,3,2,1,2,2,0,0,0,0,0,0,0,0,0,0,0,0,0,0,0,0,0,0
Rock Pigeon (Feral Pigeon),Columba livia (Feral Pigeon),0,0,0,0,0,0,0,0,0,0,0,0,0,0,0,0,0,0,0,0,0,0,0,0,0,0,0,0,0,0,0,0,0,0,0,0,0,0,0,0,0,0,0,0,0,0,0,1039,1343,1658,3103,1865,2881,3507,2429,1787,1450,2200,1758,2531,1717,1599,925,966,2355,1042,1928,1404,1247,1607,1410,1418,1512,800,1178,1673,1534,1717,1889,1271,1609,974,592,1039,744,829,710,829,628,620,748,864,890
Black Vulture,Coragyps atratus,0,0,0,0,0,0,0,0,0,0,0,0,0,0,0,0,0,0,0,1,0,24,7,18,34,70,51,22,18,36,27,3,15,6,11,0,7,6,3,2,10,7,2,19,3,12,33,26,35,44,11,18,30,49,31,26,44,39,38,56,4,2,2,0,8,2,3,0,4,13,2,0,11,0,40,6,14,11,18,34,42,44,51,27,71,57,65,9,59,6,98,0,36
American Crow,Corvus brachyrhynchos,0,0,0,109,0,500,300,350,0,0,25,0,0,0,0,0,17,0,0,0,0,546,747,853,500,788,952,1624,560,566,1595,856,1181,1974,1315,1700,3200,3100,980,820,580,710,520,860,600,465,1212,1361,1180,1180,1290,1121,1368,1240,1474,1693,1988,2699,1408,1638,1614,1546,1025,723,1453,1114,2139,1785,1694,1535,3696,2022,3662,2631,3646,1309,956,615,2921,1685,1452,544,328,845,2644,700,1830,871,2290,1961,1705,1437,2488
Common Raven,Corvus corax,0,0,0,0,0,0,0,0,0,0,0,0,0,0,0,0,0,0,0,0,0,0,0,1,0,0,0,0,0,0,0,0,0,0,0,0,0,0,0,0,0,0,0,1,0,0,0,0,0,0,0,0,0,0,0,0,0,0,0,0,0,0,0,0,0,0,0,0,0,0,0,0,0,0,0,0,0,0,0,0,0,0,0,0,0,0,0,1,2,2,4,1,6
Fish Crow,Corvus ossifragus,0,0,7,2,20,3,91,100,0,0,0,0,0,2,7,0,0,0,0,1,5,37,27,62,79,45,53,88,34,6,73,28,93,214,67,69,52,190,39,50,10,100,55,270,680,116,63,103,130,102,126,55,72,92,99,78,188,111,22,77,132,308,65,12,67,94,53,62,29,155,109,149,187,144,244,204,231,126,288,721,330,179,44,219,272,263,270,283,744,504,651,492,436
crow sp.,Corvus sp. (crow sp.),0,100,237,6,103,1000,10000,0,26,13,0,12,12,3,29,6,0,8,16,480,377,0,0,0,0,0,0,0,0,0,0,0,0,0,0,0,0,0,0,0,0,0,0,0,0,0,0,0,0,0,0,0,0,0,0,0,0,0,0,1,0,3,0,279,1337,684,1029,1185,853,641,611,1727,1020,1488,3531,2744,457,515,742,1358,623,448,335,688,1748,439,1852,383,2856,5953,1413,1286,1646
Blue Jay,Cyanocitta cristata,0,0,0,15,10,9,4,16,19,10,8,10,3,3,31,2,0,0,2,149,173,101,138,112,261,327,407,368,339,80,304,399,931,419,296,640,620,530,240,430,400,420,210,860,410,267,847,607,465,356,609,615,435,445,536,710,405,436,358,260,240,218,182,71,310,250,225,197,363,326,191,82,291,187,134,192,225,183,381,355,431,293,163,513,256,645,601,484,459,578,577,363,686
Tundra Swan,Cygnus columbianus,0,0,0,0,0,0,0,0,0,0,0,0,0,0,0,0,0,0,0,0,0,0,0,0,0,0,0,0,0,0,0,0,0,0,0,0,0,2,0,0,1,0,3,1,1,0,2,0,4,5,0,7,0,8,12,0,14,0,69,24,8,103,1,0,12,17,23,12,2,60,29,31,0,0,19,38,6,11,15,0,3,13,0,32,1,0,0,7,12,34,0,0,1
Tundra Swan (Whistling),Cygnus columbianus columbianus,0,0,0,0,0,0,0,0,0,0,0,0,0,0,0,0,0,0,0,0,0,0,0,0,0,0,0,0,0,1,0,0,0,0,0,0,0,0,0,0,0,0,0,0,0,0,0,0,0,0,0,0,0,0,0,0,0,0,0,0,0,0,0,0,0,0,0,0,0,0,0,0,0,0,0,0,0,0,0,0,0,0,0,0,0,0,0,0,0,0,0,0,0
Mute Swan,Cygnus olor,0,0,0,0,0,0,0,0,0,0,0,0,0,0,0,0,0,0,0,0,0,0,0,0,0,0,0,0,0,0,0,0,0,0,0,0,0,0,0,0,0,0,0,0,0,0,0,1,1,0,0,1,0,4,3,0,1,2,3,2,0,0,0,2,0,0,0,0,0,0,0,1,0,0,0,0,0,0,1,0,0,0,0,0,0,0,0,0,1,0,0,0,0
Pileated Woodpecker,Dryocopus pileatus,0,0,0,0,0,0,0,0,0,0,0,0,0,0,0,0,0,0,0,3,0,0,0,3,4,4,7,2,7,3,5,11,5,7,6,11,11,10,6,10,4,10,8,8,3,6,13,18,11,26,19,15,16,24,17,24,22,32,21,33,29,39,28,9,23,36,36,32,17,22,23,33,20,8,28,20,27,37,50,45,40,34,24,43,42,50,40,42,33,28,38,8,48
Gray Catbird,Dumetella carolinensis,0,0,0,0,0,0,0,0,0,0,0,0,1,0,0,0,0,0,0,0,0,1,2,1,1,2,2,0,3,0,1,1,2,4,3,0,1,2,3,0,0,2,0,4,2,3,2,0,3,1,3,6,3,1,0,1,5,2,7,2,2,2,4,2,2,7,3,7,5,4,5,4,12,2,7,7,7,4,18,3,8,3,2,1,6,1,2,2,6,1,2,4,9
Little Blue Heron,Egretta caerulea,0,0,0,0,0,0,0,0,0,0,0,0,0,0,0,0,0,0,0,0,0,0,0,0,0,0,0,0,0,0,0,0,0,0,0,0,0,0,0,0,0,0,0,0,0,1,0,0,0,0,0,0,0,0,0,0,0,0,0,0,0,0,0,0,0,0,0,0,0,0,0,0,0,0,0,0,0,0,0,0,0,0,0,0,0,0,0,0,0,0,0,0,0
sparrow sp.,Emberizidae sp. (sparrow sp.),30,0,64,85,194,160,327,400,150,48,358,310,0,37,0,135,0,92,105,0,0,0,0,0,0,0,0,0,0,0,0,0,0,0,0,0,0,0,0,0,0,0,0,0,0,0,0,0,0,0,0,0,0,0,0,0,0,0,0,0,0,0,0,0,0,0,0,0,0,0,0,0,0,0,0,0,0,0,0,0,0,0,0,0,0,0,0,0,0,0,0,15,0
Horned Lark,Eremophila alpestris,0,0,0,75,0,34,0,0,0,0,0,0,0,0,0,0,0,0,0,102,17,0,0,5,70,28,26,2,0,0,1,4,5,33,32,15,35,3,0,28,3,2,26,13,1,12,7,18,22,5,0,14,6,2,20,2,0,10,2,1,3,6,4,0,3,9,8,12,5,12,10,3,2,0,0,2,2,2,0,0,0,0,0,0,0,0,0,0,2,0,0,0,0
Horned Lark (Eastern dark Group),Eremophila alpestris alpestris Group,0,0,0,0,0,0,0,0,0,0,0,0,0,0,0,0,0,0,0,0,0,0,0,0,0,0,0,0,0,0,0,0,0,31,0,0,0,0,0,0,0,0,0,0,0,0,0,0,0,0,0,0,0,0,0,0,0,0,0,0,0,0,0,0,0,0,0,0,0,0,0,0,0,0,0,0,0,0,0,0,0,0,0,0,0,0,0,0,0,0,0,0,0
Rusty Blackbird,Euphagus carolinus,0,0,0,3,0,1,60,0,0,7,0,0,0,0,0,0,0,0,0,0,30,2,22,15,17,4,60,10,140,15,71,30,224,17,32,5,3,53,5,75,42,24,11,21,52,58,68,126,29,30,38,73,15,13,9,29,71,79,45,43,40,32,22,6,9,13,2,9,31,7,30,137,2,1,2,6,10,0,3,3,6,1,6,11,10,7,21,2,3,53,8,0,1
Brewer's Blackbird,Euphagus cyanocephalus,0,0,0,0,0,0,0,0,0,0,0,0,0,0,0,0,0,0,0,0,0,0,0,0,0,0,0,0,0,0,0,0,0,0,0,0,0,0,0,0,0,0,0,0,0,0,0,0,0,0,0,0,0,0,0,0,0,0,0,0,0,0,0,0,0,0,0,0,1,0,0,0,0,0,0,0,0,0,0,0,0,0,0,0,0,0,0,0,0,0,0,0,0
Merlin,Falco columbarius,0,0,0,0,0,0,0,0,0,0,0,0,0,0,0,0,0,0,0,1,0,0,3,0,0,0,0,0,0,0,0,0,0,0,0,0,0,0,0,0,1,0,0,0,0,0,0,0,1,1,0,0,0,0,0,0,1,0,0,0,0,1,1,0,1,1,0,0,1,2,1,3,2,1,2,5,3,0,4,4,8,8,0,7,8,8,5,7,7,6,9,7,4
Peregrine Falcon,Falco peregrinus,0,0,0,0,0,0,0,0,0,0,0,0,0,0,1,0,0,0,0,1,0,1,2,0,0,1,1,0,0,0,0,0,0,0,0,0,0,0,0,0,0,0,1,0,0,0,0,0,0,0,0,0,1,0,0,0,0,0,1,1,0,0,1,1,0,2,2,2,2,3,0,1,2,2,2,4,3,2,2,7,4,4,2,4,3,5,4,2,5,4,11,4,7
falcon sp.,Falco sp.,0,0,0,0,0,0,0,0,0,0,0,0,0,0,0,0,0,0,0,0,0,0,0,0,0,0,0,0,0,0,0,0,0,0,0,0,0,0,0,0,0,0,0,0,0,0,0,0,0,0,0,0,0,0,0,0,0,0,0,0,0,0,0,0,0,0,0,0,0,0,0,0,0,0,0,0,0,0,0,0,0,0,1,0,0,0,0,0,1,0,0,0,0
American Kestrel,Falco sparverius,0,0,3,1,3,2,2,3,0,0,0,0,1,0,8,3,2,0,0,7,12,7,21,20,14,21,30,15,21,16,22,13,18,11,20,12,19,15,12,14,15,17,11,17,19,16,21,24,23,37,34,30,37,24,29,25,27,33,8,23,18,17,10,5,9,15,16,20,11,10,9,13,4,3,3,8,8,8,5,13,8,4,2,2,2,3,3,3,5,3,3,2,1
American Coot,Fulica americana,0,0,0,0,0,0,0,0,0,0,0,0,2,0,0,0,0,0,0,2,3,3,4,3,5,3,2,5,3,4,2,2,0,0,40,1,2,31,35,40,54,77,40,31,34,25,90,106,179,147,55,94,22,51,30,30,33,30,603,378,260,205,1,2,3,8,29,25,571,354,364,1283,2139,2123,305,2410,254,43,46,74,1234,249,3,32,4,9,5,63,8,237,715,5,2
Wilson's Snipe,Gallinago delicata,0,0,0,0,0,0,0,0,0,0,0,0,0,0,0,0,0,0,0,0,0,0,0,0,0,0,0,0,0,0,0,0,0,0,0,0,0,0,0,0,0,0,0,0,0,0,0,0,0,0,0,0,0,0,0,0,0,0,0,0,0,0,0,0,0,0,0,0,0,0,0,0,0,0,0,6,1,1,2,0,0,0,0,0,0,0,0,0,0,0,0,0,1
Wilson's/Common Snipe,Gallinago delicata/gallinago,0,0,0,0,0,0,0,0,0,0,0,0,0,0,0,1,0,0,0,0,0,0,2,35,12,70,99,28,10,8,15,10,4,11,19,4,1,2,1,7,6,4,2,1,9,22,20,6,9,22,1,20,22,12,0,0,2,3,9,4,5,4,4,1,0,1,1,1,4,8,10,2,1,2,1,0,0,0,0,0,0,0,0,0,0,0,0,0,0,0,0,0,0
Common Loon,Gavia immer,0,0,0,0,0,0,0,0,0,0,0,0,0,0,0,0,0,0,0,0,0,0,0,0,0,0,0,0,0,0,0,0,14,0,0,0,1,0,0,0,0,0,0,1,1,0,0,0,2,1,0,1,2,1,7,3,2,0,1,1,1,3,3,1,4,3,2,1,1,2,4,2,2,3,5,3,3,1,2,1,0,1,0,0,0,0,1,2,1,3,2,0,1
Red-throated Loon,Gavia stellata,0,0,0,0,0,0,0,0,0,0,0,0,0,0,0,0,0,0,0,0,0,0,0,0,0,0,0,0,0,0,1,0,0,0,0,0,0,0,0,0,0,0,0,0,0,0,0,0,0,0,0,2,0,0,0,0,0,0,0,0,0,0,0,0,1,0,0,0,0,1,1,0,0,0,0,0,1,0,0,0,0,0,0,0,0,0,0,0,0,0,0,0,1
Common Yellowthroat,Geothlypis trichas,0,0,1,0,0,0,0,0,0,0,0,0,0,0,0,0,0,0,0,0,0,0,0,0,1,0,1,1,0,0,1,0,0,0,0,0,0,0,0,0,0,2,0,0,1,2,0,0,1,1,0,0,0,1,1,0,2,1,0,1,1,0,0,0,2,1,1,2,1,2,1,2,4,1,1,2,2,1,3,0,0,1,0,0,1,3,2,1,1,0,0,1,0
House Finch,Haemorhous mexicanus,0,0,0,0,0,0,0,0,0,0,0,0,0,0,0,0,0,0,0,0,0,0,0,0,0,0,0,0,0,0,0,0,0,0,0,1,0,0,73,32,51,1,52,51,97,75,188,277,229,321,261,253,410,458,515,423,464,510,816,747,1159,930,619,236,1152,472,695,694,369,394,396,466,447,216,457,212,313,199,404,261,576,327,177,203,518,478,310,361,555,126,346,73,80
Purple Finch,Haemorhous purpureus,0,0,1,3,0,3,3,20,8,0,2,20,0,2,0,0,0,1,0,66,29,4,26,73,45,47,103,117,224,0,150,59,224,104,40,45,72,55,100,10,21,120,86,14,170,240,81,294,61,58,249,51,60,55,36,227,26,26,88,21,11,4,11,0,34,1,6,3,9,6,14,47,3,3,1,9,3,0,4,1,3,6,0,1,0,27,3,3,2,4,7,37,0
Bald Eagle,Haliaeetus leucocephalus,0,0,0,0,0,1,3,1,0,1,2,0,0,1,0,1,0,0,0,15,0,9,14,20,5,0,11,1,4,3,2,2,3,3,3,0,1,0,0,0,0,0,0,0,0,0,0,0,0,1,0,2,1,3,3,2,1,0,3,14,18,13,17,10,9,13,15,11,39,30,42,50,32,28,39,53,44,27,32,34,33,27,24,29,28,22,26,43,44,14,53,13,15
Little Gull,Hydrocoloeus minutus,0,0,0,0,0,0,0,0,0,0,0,0,0,0,0,0,0,0,0,0,0,0,0,0,0,0,0,0,0,0,0,0,0,0,0,0,0,0,0,0,0,0,0,0,0,0,0,0,0,0,0,0,0,0,0,0,0,0,0,0,0,0,0,0,0,0,0,0,0,0,0,1,0,0,0,0,0,0,0,0,0,0,0,0,0,0,0,0,0,0,0,0,0
Wood Thrush,Hylocichla mustelina,0,0,0,0,0,0,0,0,0,0,0,0,0,0,0,0,0,0,0,0,0,0,0,0,0,1,0,0,0,0,0,0,0,0,0,0,0,0,0,0,0,0,0,0,0,0,0,0,0,0,0,0,0,0,0,0,0,0,0,0,0,0,0,0,0,0,0,0,0,0,0,0,0,0,0,0,0,0,0,0,0,0,0,0,0,0,0,0,0,0,0,0,0
Yellow-breasted Chat,Icteria virens,0,0,0,0,0,0,0,0,0,0,0,0,0,0,0,0,0,0,0,0,0,0,0,0,0,0,0,0,1,0,0,0,0,0,0,0,0,0,0,0,1,0,0,0,0,0,0,0,0,0,0,0,0,1,0,0,0,1,0,0,0,0,0,0,0,1,0,0,0,0,0,2,0,0,0,1,0,0,0,0,0,0,0,0,0,0,0,0,0,0,0,0,0
blackbird sp.,Icteridae sp.,0,0,0,0,0,9,0,0,0,0,0,0,0,0,0,0,0,0,0,12,0,0,0,0,0,0,0,0,0,0,0,0,0,0,0,0,0,0,0,0,0,0,0,0,0,0,0,0,0,0,0,0,0,0,0,0,0,0,0,0,0,0,0,0,0,0,0,0,0,0,0,0,0,0,0,0,0,0,0,0,0,0,0,0,0,0,80,0,0,0,75,0,162
Baltimore Oriole,Icterus galbula,0,0,0,0,0,0,0,0,0,0,0,0,0,0,0,0,0,0,0,0,0,0,0,0,0,0,0,0,0,0,0,0,0,0,0,0,2,0,1,2,2,1,0,5,1,0,4,0,3,1,1,0,5,3,2,0,0,0,0,0,0,0,1,0,0,0,0,0,0,0,0,0,0,0,1,0,1,1,0,2,0,0,0,0,0,0,0,0,0,1,1,1,0
Dark-eyed Junco,Junco hyemalis,0,0,0,0,0,0,0,0,0,0,0,0,0,0,0,0,0,0,0,0,0,0,0,0,0,0,0,0,0,0,0,0,0,0,0,0,0,0,0,0,0,0,0,0,0,0,0,0,0,0,0,0,0,0,0,0,0,907,0,0,0,0,0,0,0,0,0,0,0,0,0,0,0,0,0,0,0,0,0,975,0,0,514,0,0,0,0,0,0,0,0,593,0
Dark-eyed Junco (Slate-colored),Junco hyemalis hyemalis/carolinensis,0,119,0,0,0,65,0,0,0,0,0,0,5,0,160,0,21,0,0,696,587,695,769,910,1061,2124,2218,2461,1975,1145,1076,2099,2116,1312,1720,1400,2100,1100,1800,1600,1600,1200,1200,950,1000,757,1369,1487,1506,1091,1185,118,1481,1317,1582,1225,981,0,1702,787,667,707,892,489,497,643,481,535,438,643,522,416,665,417,614,612,937,595,943,0,756,576,0,837,673,1201,900,1420,1256,1200,927,0,783
Dark-eyed Junco (Pink-sided),Junco hyemalis mearnsi,0,0,0,0,0,0,0,0,0,0,0,0,0,0,0,0,0,0,0,0,0,0,0,0,0,0,0,0,0,1,0,0,0,0,0,0,0,0,0,0,0,0,0,0,0,0,0,0,0,0,0,0,0,0,0,0,0,0,0,0,0,0,0,0,0,0,0,0,0,0,0,0,0,0,0,0,0,0,0,0,0,0,0,0,0,0,0,0,0,0,0,0,0
Loggerhead Shrike,Lanius ludovicianus,0,0,2,1,2,0,1,2,4,3,3,1,0,0,0,0,0,0,0,1,0,1,0,0,0,0,0,2,0,1,1,0,0,0,0,2,0,1,0,0,0,0,0,0,0,0,0,0,0,0,0,0,0,0,0,0,0,0,0,0,0,0,0,0,0,0,0,0,0,0,0,0,0,0,0,0,0,0,0,0,0,0,0,0,0,0,0,0,0,0,0,0,0
gull sp.,Larinae sp.,0,0,0,0,0,0,0,0,0,0,0,0,0,0,0,0,0,0,0,0,0,0,0,0,0,0,0,0,0,0,0,0,0,0,0,0,0,0,0,0,0,0,0,0,0,0,0,0,0,0,0,0,0,0,0,800,0,0,0,154,0,0,0,0,448,433,718,3224,922,0,3000,2000,1450,1500,0,467,672,398,250,12,325,359,337,110,140,133,395,195,200,80,281,165,218
Herring Gull,Larus argentatus,0,0,43,12,45,20,1,12,0,92,5,135,3,180,180,218,0,0,0,437,318,454,1186,647,447,468,1104,564,687,1077,2369,895,3593,420,3212,1000,2100,1300,1000,1400,670,1400,1200,1300,1400,364,303,602,653,821,910,704,998,667,726,519,307,175,181,366,666,2693,1279,572,830,3495,8643,12872,1057,3750,2000,2250,2500,1500,750,2970,474,624,450,579,1540,556,293,405,221,311,307,487,369,153,306,78,202
Herring x Great Black-backed Gull (hybrid),Larus argentatus x marinus,0,0,0,0,0,0,0,0,0,0,0,0,0,0,0,0,0,0,0,0,0,0,0,0,0,0,0,0,0,0,0,0,0,0,0,0,0,0,0,0,0,0,0,0,0,0,0,0,0,0,0,0,0,0,0,0,0,0,0,0,0,0,0,0,0,0,0,0,0,1,0,0,0,0,0,0,0,0,0,0,0,0,0,0,0,0,0,0,0,0,0,0,0
Ring-billed Gull,Larus delawarensis,0,0,0,0,0,2,0,2,0,2,0,0,7,95,3,0,0,0,0,13,833,146,494,781,1019,2587,2179,2327,919,1562,3844,2363,4396,3336,4168,1000,2700,6300,2300,1200,1300,1500,1400,4100,2200,1937,2510,935,1845,1496,2436,2182,3091,2774,3978,3503,4980,4327,2882,5857,5954,9287,10698,5522,10291,14126,9937,34257,6020,10500,8400,4900,11190,8300,9000,12799,6090,4477,5735,5621,7000,6100,2821,5219,1880,2950,2511,3008,2645,3823,4065,1468,2897
Lesser Black-backed Gull,Larus fuscus,0,0,0,0,0,0,0,0,0,0,0,0,0,0,0,0,0,0,0,0,0,0,0,0,0,0,0,0,0,0,0,0,0,0,0,0,0,0,0,0,0,0,0,0,0,0,0,0,0,0,0,0,0,0,1,1,0,0,0,0,0,1,1,2,4,11,4,8,4,7,1,4,5,9,2,3,1,2,3,1,1,1,1,1,0,0,1,1,0,0,1,0,0
Iceland Gull,Larus glaucoides,0,0,0,0,0,0,0,0,0,0,0,0,0,0,0,0,0,0,0,0,0,0,0,0,0,0,0,0,0,0,0,0,0,0,0,0,0,0,0,0,0,0,0,0,0,0,0,0,0,0,0,0,0,0,0,0,0,0,0,0,0,0,0,0,0,1,0,1,0,0,1,1,0,0,0,0,0,0,0,0,0,1,0,0,0,0,0,1,0,0,0,0,0
Glaucous Gull,Larus hyperboreus,0,0,0,0,0,0,0,0,0,0,0,0,0,0,0,0,0,0,0,0,0,0,0,0,0,0,0,0,0,0,0,0,1,0,0,0,0,0,0,0,0,0,0,0,0,0,0,0,0,0,0,0,0,0,0,0,0,0,0,0,0,0,0,0,0,1,0,0,0,0,0,0,0,0,0,0,0,0,0,0,0,0,0,0,0,0,0,0,0,0,0,0,0
Great Black-backed Gull,Larus marinus,0,0,0,0,0,0,0,0,0,0,0,0,0,0,0,0,0,0,0,0,0,0,0,0,0,0,0,0,0,0,0,0,0,1,1,0,0,0,1,5,10,7,39,13,24,31,81,59,99,69,145,147,166,253,256,132,121,67,332,359,405,579,657,284,319,738,1306,1015,199,750,1600,750,750,750,750,544,190,243,312,284,135,361,290,339,130,86,131,153,33,46,56,16,21
Yellow-legged Gull,Larus michahellis,0,0,0,0,0,0,0,0,0,0,0,0,0,0,0,0,0,0,0,0,0,0,0,0,0,0,0,0,0,0,0,0,0,0,0,0,0,0,0,0,0,0,0,0,0,0,0,0,0,0,0,0,0,0,0,0,0,0,0,0,0,0,0,0,0,0,0,0,0,0,0,0,0,0,0,0,0,0,0,0,0,0,0,0,0,0,0,0,0,0,0,0,0
Thayer's Gull,Larus thayeri,0,0,0,0,0,0,0,0,0,0,0,0,0,0,0,0,0,0,0,0,0,0,0,0,0,0,0,0,0,0,0,0,0,0,0,0,0,0,0,0,0,0,0,0,0,0,0,0,0,0,0,0,0,0,0,0,0,0,0,0,0,0,0,1,0,0,0,0,0,0,0,0,0,0,0,0,0,0,0,0,0,0,0,0,0,0,0,0,0,0,0,0,0
Laughing Gull,Leucophaeus atricilla,0,0,0,0,0,0,0,0,0,0,0,0,0,0,0,0,0,0,0,0,1,0,3,0,0,0,0,8,0,0,0,0,0,0,30,0,0,0,0,1,0,0,0,0,0,0,1,0,0,0,0,1,0,0,0,0,1,2,0,0,1,0,2,3,44,3,114,3880,21,22,94,2990,544,24,700,47,3,67,4,15,904,17,0,3,2,14,3,0,15,0,14,2,0
Franklin's Gull,Leucophaeus pipixcan,0,0,0,0,0,0,0,0,0,0,0,0,0,0,0,0,0,0,0,0,0,0,0,0,0,0,0,0,0,0,0,0,0,0,0,0,0,0,0,0,0,0,0,0,0,0,0,0,0,0,0,0,0,0,0,0,0,0,0,0,0,0,0,0,0,0,0,0,0,0,0,7,0,0,0,0,0,0,0,0,0,0,0,0,0,0,0,0,0,0,0,0,0
Hooded Merganser,Lophodytes cucullatus,0,0,0,0,0,0,15,8,2,1,0,0,0,0,0,0,0,0,0,0,0,4,0,0,0,2,6,0,6,0,0,0,2,0,0,0,0,0,0,0,0,3,0,1,3,0,8,6,26,12,19,6,7,4,11,4,2,5,41,34,34,33,126,38,18,19,5,31,55,41,33,26,60,84,38,64,89,55,104,43,51,39,66,114,39,45,108,72,72,174,210,33,30
Red Crossbill,Loxia curvirostra,0,0,0,0,0,0,0,0,2,0,0,0,0,0,0,0,0,0,0,0,0,0,0,0,0,0,0,0,0,0,0,0,0,0,0,0,0,0,0,0,0,10,0,0,0,4,32,0,3,0,13,0,0,0,0,0,0,0,0,0,0,0,0,0,0,0,0,0,0,0,3,0,0,0,0,0,0,0,0,0,0,0,0,0,0,0,0,0,0,0,0,0,0
White-winged Crossbill,Loxia leucoptera,0,0,0,0,0,23,0,0,0,0,0,0,0,0,0,0,0,0,0,0,0,0,0,0,0,0,0,0,0,0,0,0,0,0,0,0,25,0,0,0,0,0,0,0,0,0,0,0,0,0,0,0,0,0,0,0,0,0,0,0,0,0,0,0,0,0,0,0,0,0,0,0,0,0,0,0,0,0,0,0,0,0,0,0,0,0,0,0,0,0,0,0,0
Belted Kingfisher,Megaceryle alcyon,0,0,1,0,0,0,0,0,0,0,0,0,0,0,0,0,0,0,0,4,2,9,5,6,12,10,19,27,10,7,19,12,14,3,9,9,3,12,10,13,6,17,4,9,16,11,19,21,22,17,14,17,16,20,19,16,20,23,20,44,30,23,17,7,21,35,43,15,18,12,28,32,44,20,23,33,23,28,32,36,23,22,11,24,28,49,31,23,14,12,35,11,17
Eastern Screech-Owl,Megascops asio,0,0,0,0,0,0,0,0,0,0,0,0,0,0,0,0,0,0,0,0,0,0,0,0,0,0,0,0,0,0,0,0,0,0,0,0,0,0,0,0,0,0,0,0,0,0,0,0,0,0,0,0,0,0,0,0,2,4,3,2,0,6,2,1,2,7,4,3,7,8,11,10,3,7,5,4,10,10,6,6,3,0,2,1,2,1,3,1,1,0,0,0,0
screech-owl sp.,Megascops sp.,0,0,0,0,0,0,0,0,0,0,0,0,1,0,0,0,0,0,0,0,0,2,2,0,1,1,1,3,0,0,0,0,0,0,0,0,2,0,0,0,0,0,0,0,1,2,1,1,3,2,1,1,2,1,2,0,0,0,0,0,0,0,0,0,0,0,0,0,0,0,0,0,0,0,0,0,0,0,0,0,0,0,0,0,0,0,0,0,0,0,0,0,0
Red-bellied Woodpecker,Melanerpes carolinus,0,0,0,0,0,2,1,3,2,1,0,3,0,2,0,1,0,0,1,28,10,28,37,30,45,58,90,108,104,47,103,89,136,64,56,97,110,110,71,87,67,77,46,87,62,38,123,108,97,104,111,115,78,90,156,124,149,156,179,156,126,138,180,40,189,100,236,219,122,112,163,111,191,141,188,204,247,185,383,297,335,204,222,306,337,382,393,304,409,290,442,99,423
Red-headed Woodpecker,Melanerpes erythrocephalus,0,0,0,5,0,4,0,7,0,0,0,0,1,0,3,0,0,0,0,3,0,0,1,0,2,2,0,1,1,0,0,2,6,0,0,3,0,0,0,0,0,0,0,3,0,1,0,1,1,1,0,1,1,1,1,2,2,0,0,0,1,0,1,0,1,1,1,0,0,0,1,1,0,0,0,3,1,0,0,0,1,0,0,0,0,0,4,0,2,1,1,0,1
Black Scoter,Melanitta americana,0,0,0,0,0,0,0,0,0,0,0,22,0,0,0,0,0,0,0,0,0,0,0,0,0,0,0,0,0,0,0,0,2,0,0,0,0,0,0,0,0,0,0,0,0,0,0,0,0,0,0,0,0,5,0,0,0,0,0,3,0,3,0,0,0,0,6,0,0,0,0,0,1,0,0,0,0,0,0,0,0,0,0,0,0,0,0,0,0,0,0,0,0
White-winged Scoter,Melanitta fusca,0,0,0,0,0,0,0,0,0,0,0,0,0,0,0,0,0,0,0,0,0,0,0,0,0,0,0,0,0,0,0,0,0,0,0,0,0,0,0,0,0,0,0,0,1,0,0,0,0,0,0,0,0,1,0,0,1,0,0,2,0,0,9,0,0,0,2,0,0,9,3,0,0,0,0,0,0,0,0,0,0,1,0,1,0,0,0,0,0,0,0,0,0
Surf Scoter,Melanitta perspicillata,0,0,0,0,0,0,0,0,0,0,0,0,0,0,0,0,0,0,0,0,0,0,0,0,0,0,0,0,0,0,0,0,0,0,0,0,0,0,0,0,0,0,4,0,0,0,0,0,0,0,0,0,0,0,0,0,0,0,0,0,4,0,1,0,0,2,2,2,1,0,1,5,6,3,0,1,2,2,0,0,0,0,0,0,0,0,0,1,0,0,0,0,0
scoter sp.,Melanitta sp.,0,0,0,0,0,0,0,0,0,0,0,0,0,0,0,0,0,0,0,0,0,0,0,0,0,0,0,0,0,0,0,0,0,0,0,0,0,0,0,0,0,0,0,0,0,0,0,0,3,0,0,0,0,0,0,9,0,0,0,0,0,0,0,0,0,0,0,0,0,0,0,0,0,0,0,0,0,0,0,0,0,0,0,0,0,0,0,0,0,0,0,0,0
Wild Turkey,Meleagris gallopavo,0,0,0,0,0,0,0,0,0,0,0,0,0,0,0,0,0,0,0,0,0,0,0,0,0,0,0,0,0,0,0,1,0,0,0,0,0,0,0,0,0,0,0,0,0,0,1,0,0,0,1,0,0,0,0,0,0,0,0,0,0,0,0,0,0,0,0,0,0,0,0,0,0,0,0,0,0,0,5,0,15,14,7,8,9,9,7,1,0,0,5,2,27
Swamp Sparrow,Melospiza georgiana,0,0,1,1,5,5,1,2,0,0,0,8,0,0,0,0,0,0,0,2,3,13,27,15,42,103,444,114,35,6,169,143,134,83,184,64,61,33,39,28,29,31,32,15,30,29,39,38,21,70,29,26,37,27,62,17,11,16,10,11,7,6,3,1,24,56,36,30,37,38,41,12,100,8,9,22,4,20,32,42,28,40,9,32,41,52,37,64,50,16,32,25,57
Lincoln's Sparrow,Melospiza lincolnii,0,0,0,0,0,0,0,0,0,0,0,0,0,0,0,0,0,0,0,0,0,0,0,0,0,0,0,0,0,0,0,1,0,0,0,0,0,0,0,0,0,0,0,0,0,0,0,0,1,0,1,0,1,0,0,1,0,0,1,0,0,0,0,0,0,0,0,0,0,1,0,0,1,0,0,0,0,0,1,0,0,0,0,0,0,0,0,0,0,0,0,0,0
Song Sparrow,Melospiza melodia,15,16,29,27,40,10,10,20,12,4,8,17,3,8,80,38,9,17,15,240,173,342,291,220,419,552,928,886,570,488,626,911,760,899,523,750,1000,740,580,530,490,710,470,680,350,307,961,812,728,537,697,822,1010,548,689,541,441,550,366,432,529,391,361,270,396,340,437,395,422,612,393,286,538,455,336,423,384,575,592,607,491,677,245,538,394,631,581,791,525,452,505,391,642
towhee sp.,Melozone/Pipilo sp.,0,1,0,10,1,1,0,0,0,0,0,1,0,3,0,0,0,0,1,2,0,0,0,0,0,0,0,0,0,0,0,0,0,0,0,0,0,0,0,0,0,0,0,0,0,0,0,0,0,0,0,0,0,0,0,0,0,0,0,0,0,0,0,0,0,0,0,0,0,0,0,0,0,0,0,0,0,0,0,0,0,0,0,0,0,0,0,0,0,0,0,0,0
merganser sp.,Mergellus/Lophodytes/Mergus sp.,0,0,0,0,0,0,0,0,0,0,0,0,0,0,0,0,0,0,0,0,0,0,0,0,0,0,0,0,0,0,0,0,0,0,0,0,0,0,0,0,0,0,0,0,0,0,0,0,0,0,0,0,0,0,0,0,0,0,0,0,0,0,0,0,44,0,0,0,0,0,0,0,0,13,0,0,0,0,0,0,0,0,0,0,0,0,0,0,0,0,0,0,0
Common Merganser,Mergus merganser,0,0,0,0,0,0,0,6,0,9,0,0,0,25,25,54,0,0,0,165,98,246,684,77,365,161,164,146,59,51,58,60,215,34,72,35,70,85,58,15,27,62,7,42,22,28,36,49,121,304,608,333,147,308,312,109,77,34,152,184,15,114,143,34,9,17,5,26,252,509,16,34,1,27,4,121,72,6,101,33,31,8,69,25,0,0,17,23,19,21,80,13,22
Red-breasted Merganser,Mergus serrator,0,0,0,0,0,0,0,0,1,0,0,0,0,0,0,0,0,0,0,0,0,1,2,0,0,0,9,0,0,14,0,21,24,41,2,1,4,4,0,0,2,0,0,3,12,1,11,18,20,24,5,24,6,13,14,22,28,0,3,7,7,10,31,2,2,18,32,5,140,59,18,50,30,20,6,41,22,2,1,46,0,0,0,0,0,0,5,2,1,4,2,0,8
Northern Mockingbird,Mimus polyglottos,0,0,4,1,4,1,3,3,4,7,5,1,1,0,12,6,2,4,1,88,67,77,60,76,102,230,286,291,293,187,269,320,431,274,309,420,430,560,410,460,340,450,270,590,380,235,488,460,381,370,453,314,584,579,412,496,570,447,372,409,482,369,275,149,299,337,340,287,267,234,181,159,253,146,150,235,188,327,216,360,197,222,114,208,185,229,208,274,164,132,240,119,207
Black-and-white Warbler,Mniotilta varia,0,0,0,0,0,0,0,0,0,0,0,0,0,0,0,0,0,0,0,0,0,0,0,0,0,0,0,0,0,0,0,0,0,0,0,0,0,0,0,0,0,0,0,0,0,0,0,0,0,0,0,0,0,0,0,0,0,1,0,0,0,0,0,0,0,1,0,0,0,0,0,0,2,0,0,1,0,1,0,0,0,0,1,0,0,0,0,0,0,0,0,0,0
Brown-headed Cowbird,Molothrus ater,0,0,0,0,0,0,0,0,0,0,0,0,0,0,0,0,0,0,0,0,0,0,0,30,4,21,22,5,27,2,23,500,528,742,734,440,390,3000,15,250,48,27,740,1100,270,179,4313,130,48,133,583,3388,795,519,647,194,391,209,37,105,164,197,83,78,1017,200,34,189,554,83,741,381,142,5,70,158,73,39,618,421,21,50,2,9,75,407,64,560,342,278,72,5,385
Monk Parakeet,Myiopsitta monachus,0,0,0,0,0,0,0,0,0,0,0,0,0,0,0,0,0,0,0,0,0,0,0,0,0,0,0,0,0,0,0,0,0,0,0,0,0,0,0,0,0,0,0,0,0,1,0,0,0,0,0,0,0,0,0,0,0,0,0,0,0,0,0,0,0,0,0,0,0,0,0,0,0,0,0,0,0,0,0,0,0,0,0,0,0,0,0,0,0,0,0,0,0
Yellow-crowned Night-Heron,Nyctanassa violacea,0,0,0,0,0,0,0,0,0,0,0,0,0,0,0,0,0,0,0,0,0,0,0,0,0,0,0,0,0,0,0,0,1,0,0,0,0,0,0,0,0,0,0,0,0,0,0,0,0,0,0,0,0,0,0,0,0,0,0,0,0,0,0,0,0,0,0,0,0,0,0,0,0,0,0,0,0,0,0,0,0,0,0,0,0,0,0,0,0,0,0,0,0
Black-crowned Night-Heron,Nycticorax nycticorax,0,0,0,0,0,0,0,0,0,0,0,0,2,0,0,0,0,0,0,0,0,2,18,2,5,3,5,7,2,8,1,1,4,3,5,1,2,6,2,3,0,2,1,4,9,3,0,4,4,9,5,3,3,2,0,7,9,13,13,32,37,28,24,10,16,22,22,20,24,23,17,23,29,12,29,31,23,10,10,11,5,11,12,12,8,11,16,15,6,4,19,12,12
Orange-crowned Warbler,Oreothlypis celata,0,0,0,0,0,0,0,0,0,0,0,0,0,0,0,0,0,0,0,0,0,0,0,0,0,0,0,0,1,0,0,0,0,0,0,0,0,0,0,0,0,0,0,0,0,1,0,0,1,0,0,0,0,0,0,1,0,1,0,0,1,0,0,0,0,0,0,0,1,0,0,1,0,0,0,1,0,1,1,1,0,0,4,2,2,4,2,1,2,1,5,2,4
Tennessee Warbler,Oreothlypis peregrina,0,0,0,0,0,0,0,0,0,0,0,0,0,0,0,0,0,0,0,0,0,0,0,0,0,0,0,0,0,0,0,0,0,0,0,0,0,0,0,0,0,0,0,0,0,0,0,0,0,0,0,0,0,0,0,0,0,0,0,0,0,0,0,0,0,0,0,0,0,0,0,0,0,0,0,0,0,0,0,0,0,0,0,0,0,1,0,0,0,0,0,0,0
Nashville Warbler,Oreothlypis ruficapilla,0,0,0,0,0,0,0,0,0,0,0,0,0,0,0,0,0,0,0,0,0,0,0,0,0,0,0,0,0,0,0,0,0,0,0,0,0,0,0,0,0,0,0,0,0,0,0,0,0,0,0,0,0,0,0,0,0,0,0,0,0,0,0,0,0,0,0,0,0,0,0,0,0,0,0,1,0,0,1,0,0,0,0,0,1,0,0,0,0,0,0,0,0
Ruddy Duck,Oxyura jamaicensis,0,0,0,0,0,0,0,0,0,0,0,0,0,0,0,0,0,0,0,0,0,86,15,49,27,75,12,221,56,581,460,1577,5676,2350,6712,9600,4900,7100,4700,3700,2100,5200,2900,3300,1500,1043,1078,1887,2163,2211,1317,1742,1309,129,332,6,49,125,1371,2179,78,1224,332,14,11,52,20,6,22,54,272,67,478,66,29,695,46,19,10,140,49,171,433,107,0,0,938,522,5,6,17,0,3
Osprey,Pandion haliaetus,0,0,0,0,0,0,0,0,0,0,0,0,1,0,0,0,0,0,0,0,0,0,0,0,0,1,0,0,0,0,1,0,0,0,0,0,0,0,0,0,0,0,0,1,0,0,0,0,0,0,0,0,0,0,0,0,0,0,0,1,0,0,0,0,0,0,1,1,0,1,0,1,1,1,1,0,0,0,0,0,0,0,1,0,0,0,0,0,0,0,1,0,0
Northern Waterthrush,Parkesia noveboracensis,0,0,0,0,0,0,0,0,0,0,0,0,0,0,0,0,0,0,0,0,0,0,0,0,0,0,0,0,0,0,0,0,0,0,0,0,0,1,0,0,0,0,0,0,0,0,0,0,0,0,0,0,0,0,0,0,0,0,0,0,0,0,0,0,0,0,0,0,0,0,0,0,0,0,0,0,0,0,0,0,0,0,0,0,0,0,0,0,0,0,0,0,0
warbler sp. (Parulidae sp.),Parulidae sp.,0,0,0,0,0,0,0,0,0,0,0,0,0,0,0,0,0,0,0,0,0,0,0,0,0,0,0,0,0,0,0,0,0,0,0,0,0,0,0,0,0,0,0,0,0,0,0,0,0,0,0,0,0,0,0,0,0,0,0,1,0,0,0,0,0,0,0,0,0,0,0,0,0,0,0,0,0,0,0,0,0,0,0,0,0,0,0,1,0,0,0,0,0
House Sparrow,Passer domesticus,0,0,0,0,0,50,0,0,0,22,100,0,10,6,120,128,9,8,17,239,915,656,507,842,755,813,678,874,702,479,871,523,1257,489,1013,640,1100,1200,1700,1100,1300,1400,970,1300,1500,1228,1728,1051,1104,1133,1770,858,2490,2748,1278,1701,1919,1989,1652,1404,1605,1948,931,757,1584,987,1592,1468,827,878,856,647,820,424,814,729,959,1837,1185,1665,1185,869,638,909,1056,912,886,1618,1294,1261,1605,503,908
Savannah Sparrow,Passerculus sandwichensis,0,0,0,0,0,0,0,0,0,0,0,0,0,0,0,0,0,0,0,0,0,1,1,0,0,0,4,10,0,3,22,1,4,4,23,1,5,10,2,1,9,3,3,5,10,0,25,51,34,6,18,5,76,16,6,7,4,8,13,10,7,12,3,5,6,20,3,4,9,6,1,4,1,4,5,4,2,9,1,2,13,3,0,0,1,1,5,1,0,0,0,1,0
Fox Sparrow,Passerella iliaca,0,0,1,0,1,0,0,14,0,0,2,13,2,0,0,3,3,0,0,0,45,19,10,13,39,31,9,21,7,23,2,8,3,0,11,11,30,12,17,25,63,29,12,15,12,4,30,5,3,2,11,5,4,4,3,3,4,4,4,2,1,2,3,0,3,1,1,4,5,4,5,4,11,8,18,11,4,25,7,18,20,6,4,8,10,23,5,19,19,15,19,14,15
passerine sp.,Passeriformes sp.,0,0,0,0,0,0,0,0,0,0,0,0,0,0,0,0,0,0,0,0,0,0,0,0,0,0,0,0,0,0,0,0,0,0,0,0,0,0,0,0,0,0,0,0,0,0,0,0,0,0,0,0,0,0,0,0,0,0,0,0,0,0,0,0,0,0,0,0,0,0,0,0,0,0,0,0,0,0,0,0,0,0,0,0,0,0,0,0,0,0,0,6,0
Lazuli Bunting,Passerina amoena,0,0,0,0,0,0,0,0,0,0,0,0,0,0,0,0,0,0,0,0,0,0,0,0,0,0,0,0,0,0,0,0,0,0,0,0,0,0,0,0,0,0,0,0,0,0,0,0,0,0,0,0,0,0,0,0,0,0,0,0,0,0,0,0,0,0,0,0,0,0,0,0,0,0,0,0,0,0,0,0,0,0,0,0,0,0,0,0,0,0,0,0,1
Blue Grosbeak,Passerina caerulea,0,0,0,0,0,0,0,0,0,0,0,0,0,0,0,0,0,0,0,0,0,0,0,0,0,0,0,0,0,0,0,0,0,0,0,0,0,0,0,0,0,0,0,0,0,0,0,0,0,0,0,0,0,0,0,0,0,0,0,0,0,0,0,0,0,0,0,0,0,0,0,0,0,0,0,0,1,0,0,0,0,0,0,0,0,0,0,0,0,0,0,0,0
Indigo Bunting,Passerina cyanea,0,0,0,0,0,0,0,0,0,0,0,0,0,0,0,0,0,0,0,0,0,0,0,0,0,0,0,0,0,0,0,0,0,0,0,0,0,0,0,0,0,0,0,0,0,0,0,0,0,0,0,0,0,0,0,0,0,0,0,0,0,0,0,0,0,0,0,0,0,0,0,0,0,0,0,1,0,0,0,0,0,0,0,0,0,0,0,0,0,0,0,0,0
Double-crested Cormorant,Phalacrocorax auritus,0,0,0,0,0,0,0,0,0,0,0,0,0,0,0,0,0,0,0,0,0,0,0,0,0,0,0,0,0,0,0,0,0,0,0,0,0,0,0,0,0,0,0,0,0,0,0,0,0,0,0,0,0,0,0,0,2,0,0,0,2,0,2,2,2,4,3,4,5,28,2,16,31,7,50,41,42,172,53,72,84,45,52,31,313,193,135,195,329,169,307,193,210
Great Cormorant,Phalacrocorax carbo,0,0,0,0,0,0,0,0,0,0,0,0,0,0,0,0,0,0,0,0,0,0,0,0,0,0,0,0,0,0,0,0,0,0,0,0,0,0,0,0,0,0,0,0,0,0,0,0,0,0,0,1,0,0,0,0,0,0,0,0,0,0,0,0,0,0,0,0,0,0,0,1,0,0,0,0,0,0,0,0,0,0,0,0,0,0,0,0,0,0,0,0,0
cormorant sp.,Phalacrocorax sp.,0,0,0,0,0,0,0,0,0,0,0,0,0,0,0,0,0,0,0,0,0,0,0,0,0,0,0,0,0,0,0,0,0,0,0,0,0,0,0,0,0,0,0,0,0,0,0,0,0,0,0,0,0,0,0,0,0,0,0,1,0,0,0,0,0,0,0,0,0,0,0,0,0,0,0,0,0,0,0,0,0,0,0,0,0,0,0,0,0,0,0,0,0
Ring-necked Pheasant,Phasianus colchicus,0,0,0,0,0,0,0,0,0,0,0,0,0,0,0,0,0,0,0,0,0,0,0,0,0,0,0,0,0,0,0,0,0,0,0,0,1,0,0,0,1,0,0,0,1,1,0,0,0,0,0,0,0,0,0,0,1,0,0,0,0,0,0,0,0,0,0,0,0,0,0,0,0,0,0,0,0,0,0,0,0,0,0,0,0,0,0,0,0,0,0,0,0
Black-headed Grosbeak,Pheucticus melanocephalus,0,0,0,0,0,0,0,0,0,0,0,0,0,0,0,0,0,0,0,0,0,0,0,0,0,0,0,0,0,0,0,0,0,0,0,0,1,0,0,0,0,0,0,0,0,0,0,0,0,0,0,0,0,0,0,0,0,0,0,0,0,0,0,0,0,0,0,0,0,0,0,0,0,0,0,0,0,0,0,0,0,0,0,0,0,0,0,0,0,0,0,0,0
woodpecker sp.,Picidae sp.,0,0,0,0,0,0,0,0,0,0,0,0,0,0,0,0,0,0,0,0,0,0,0,0,0,0,0,0,0,0,0,0,0,0,0,0,0,0,0,0,0,0,0,0,0,0,0,0,0,0,0,0,0,0,0,0,0,0,0,0,0,0,0,0,0,0,3,0,0,0,0,0,0,0,0,0,0,0,0,0,0,0,0,0,0,0,0,0,0,0,3,0,2
Downy Woodpecker,Picoides pubescens,6,4,7,6,13,3,9,18,10,5,2,14,3,11,17,9,9,19,9,111,71,126,98,119,133,207,241,215,246,100,164,168,217,152,237,180,260,160,130,160,120,190,100,190,130,107,219,241,190,160,249,202,269,248,350,370,323,335,274,272,305,321,225,96,247,219,268,262,166,185,210,198,246,157,204,203,202,292,354,397,300,325,158,342,385,439,367,469,422,234,349,114,366
Hairy Woodpecker,Picoides villosus,0,4,1,0,2,1,0,1,3,2,0,3,5,0,0,1,1,1,4,13,16,19,16,18,18,21,30,31,31,11,33,18,24,8,27,31,33,32,23,18,16,23,20,27,20,18,21,35,18,18,27,19,16,29,30,33,30,44,14,37,41,32,20,9,29,29,36,38,15,19,33,22,28,18,24,19,27,49,65,40,36,45,25,49,65,52,44,51,67,51,52,16,50
Pine Grosbeak,Pinicola enucleator,0,0,0,0,0,0,0,0,0,0,0,0,0,0,0,0,0,0,0,0,0,0,0,0,0,0,0,0,0,0,0,0,0,0,0,0,0,0,0,0,0,0,0,0,0,0,0,0,0,0,0,0,0,0,0,0,0,0,0,0,0,0,0,0,0,0,0,0,0,0,0,0,0,0,0,0,0,0,0,0,0,0,0,0,0,0,0,0,0,0,0,0,0
Eastern Towhee,Pipilo erythrophthalmus,0,0,0,0,0,0,0,0,0,0,0,0,0,0,0,0,0,0,0,0,0,14,6,3,11,31,37,56,14,8,3,0,0,0,0,0,0,0,0,0,0,0,0,0,0,0,0,0,0,0,0,0,0,0,0,0,0,0,0,10,7,1,56,3,43,15,49,34,30,4,11,7,20,26,15,36,47,25,102,56,59,23,29,37,45,58,56,33,108,47,69,46,106
Eastern Towhee (Red-eyed),Pipilo erythrophthalmus erythrophthalmus/canaster,0,0,0,0,0,0,0,0,0,0,0,0,0,0,0,0,0,0,0,0,2,0,0,0,0,0,0,0,0,0,0,0,0,0,0,0,0,0,0,0,0,0,0,0,0,0,0,0,0,0,0,0,0,0,0,0,0,0,0,0,0,0,0,0,0,0,0,0,0,0,0,0,0,0,0,0,0,0,0,0,0,0,0,0,0,0,0,0,0,0,0,0,0
Spotted/Eastern Towhee (Rufous-sided Towhee),Pipilo maculatus/erythrophthalmus,0,0,0,0,0,0,0,0,0,0,0,0,0,0,0,0,0,0,0,0,0,0,0,0,0,0,0,0,0,0,0,31,45,6,12,100,52,19,10,4,41,18,8,67,14,14,58,48,69,67,12,29,16,19,43,16,33,30,56,0,0,0,0,0,0,0,0,0,0,0,0,0,0,0,0,0,0,0,0,0,0,0,0,0,0,0,0,0,0,0,0,0,0
Snow Bunting,Plectrophenax nivalis,0,0,0,0,0,1,0,0,0,0,0,0,0,0,0,0,0,0,0,0,0,0,0,0,0,0,0,0,0,0,0,0,0,6,6,0,24,0,0,0,0,0,0,0,0,7,0,1,0,0,0,0,0,8,5,0,0,0,0,0,0,2,0,0,0,0,0,0,0,0,12,0,0,0,0,0,0,0,0,0,0,0,0,0,0,0,0,0,0,0,0,0,0
Black-bellied Plover,Pluvialis squatarola,0,0,0,0,0,0,0,0,0,0,0,0,0,0,0,0,0,0,0,0,0,0,0,0,0,0,0,0,0,0,0,0,0,0,0,0,0,0,0,0,0,0,0,0,0,0,0,0,0,0,0,0,0,0,0,0,0,0,0,0,0,0,0,0,2,0,0,0,2,92,0,0,1,1,0,1,2,0,0,0,0,0,0,0,0,0,0,0,0,0,0,0,0
Horned Grebe,Podiceps auritus,0,0,0,0,0,0,0,2,0,0,0,0,0,0,0,0,0,0,0,0,0,2,0,0,0,15,4,0,3,0,0,2,0,1,2,4,1,2,0,5,0,2,2,3,1,4,5,2,8,2,31,3,2,1,3,1,18,0,3,3,8,9,7,5,2,16,4,1,16,2,9,2,3,2,2,3,3,3,1,3,0,2,0,0,0,0,13,4,0,3,24,1,1
Red-necked Grebe,Podiceps grisegena,0,0,0,0,0,0,0,0,0,0,0,0,0,0,0,0,0,0,0,0,0,0,0,0,0,0,0,0,0,0,0,0,0,0,0,0,0,0,0,0,0,0,0,0,0,0,0,0,0,0,0,0,0,0,0,0,0,0,0,1,0,0,0,0,0,0,0,0,1,0,0,0,0,0,0,0,0,0,0,0,0,0,0,0,0,0,0,0,0,0,0,0,0
Pied-billed Grebe,Podilymbus podiceps,0,0,0,0,0,0,0,0,0,2,0,0,0,0,0,0,0,0,0,0,1,0,2,1,0,3,23,9,4,3,1,1,1,1,3,0,0,2,19,4,2,6,4,6,7,2,12,14,15,16,8,10,11,17,10,8,8,9,6,49,34,11,5,5,29,10,11,15,58,14,17,19,54,61,104,31,22,20,18,28,44,42,17,22,25,37,19,28,18,19,38,7,6
Black-capped Chickadee,Poecile atricapillus,0,0,0,0,0,0,0,0,0,0,0,0,0,0,0,0,0,0,0,0,0,0,0,0,0,0,2,193,3,4,11,0,3,0,7,10,54,7,17,10,12,9,7,3,12,7,3,4,2,1,2,0,4,1,6,3,9,0,0,1,0,1,0,0,0,0,0,0,0,0,0,0,1,0,0,0,0,0,0,0,0,0,0,0,0,0,0,0,0,0,0,0,0
Carolina Chickadee,Poecile carolinensis,15,0,13,6,10,4,40,25,10,9,1,0,0,0,0,0,10,19,16,184,136,328,288,360,290,495,737,963,698,383,460,561,634,282,450,510,580,600,670,560,490,430,330,510,450,439,664,821,736,482,608,721,947,914,1016,1374,1229,1169,831,1081,1184,999,714,488,1224,805,923,1091,661,626,899,803,1084,822,887,531,288,472,618,675,640,794,445,731,746,1054,823,757,721,399,581,124,372
chickadee sp.,Poecile sp.,0,1,0,0,0,0,0,0,0,0,0,21,6,11,50,14,0,0,0,0,0,0,0,0,0,0,0,0,0,0,0,0,0,0,0,0,0,0,0,0,0,0,0,0,0,0,0,0,0,0,0,0,0,0,0,0,0,0,0,0,0,0,0,0,0,0,0,0,0,0,0,0,0,0,0,0,0,0,0,0,0,0,0,0,0,0,0,0,0,0,0,0,0
Blue-gray Gnatcatcher,Polioptila caerulea,0,0,0,0,0,0,0,0,0,0,0,0,0,0,0,0,0,0,0,0,0,0,0,0,0,0,0,0,0,0,0,0,0,0,0,0,0,0,0,0,0,0,0,0,0,0,0,1,0,0,0,0,0,0,0,0,0,0,0,0,0,0,1,0,1,0,0,0,1,1,1,2,2,0,0,2,0,6,0,1,0,1,1,0,0,0,0,0,1,0,1,0,0
Vesper Sparrow,Pooecetes gramineus,0,0,0,0,0,0,0,0,0,0,0,0,0,0,0,0,0,0,0,0,0,0,0,0,1,1,9,14,2,1,0,0,22,0,0,0,1,0,1,0,0,0,1,0,1,2,0,1,0,0,2,0,2,0,0,0,0,0,0,0,1,0,0,0,0,0,0,0,0,0,0,0,0,0,0,0,0,0,0,0,0,0,0,0,0,0,0,0,0,0,0,0,0
Sora,Porzana carolina,0,0,0,0,0,0,0,0,0,0,0,0,0,0,0,0,0,0,0,0,0,0,0,0,0,0,4,0,0,0,0,0,0,0,0,0,0,0,0,0,0,0,0,0,0,0,0,0,0,0,0,0,0,0,0,0,0,0,0,0,0,0,0,0,0,0,0,0,0,0,0,0,0,0,0,0,0,0,0,0,0,0,0,0,0,0,0,0,0,0,0,0,0
Common Grackle,Quiscalus quiscula,0,0,0,0,0,0,0,0,0,0,0,0,0,0,0,0,0,0,0,0,0,0,0,0,0,0,0,0,0,0,0,3,11,240,2,100,28,420000,5,230,26,8,44,340,960,121,93906,92,81,84,114,4099,257,91,2506,2064,56,2700,2528,886,162,862,272,43,2266,173,3,324,1047,18,673,558,80,9,18,82,403,34,6570,386,2855,3,257,11,141,5,24,8,533,275,127,0,0
Common Grackle (Purple),Quiscalus quiscula quiscula/stonei,0,0,1,1,0,6,0,0,0,0,1,0,0,0,0,0,0,0,0,0,0,0,2,0,1,0,8,5,10,1,3,0,0,0,0,0,0,0,0,0,0,0,0,0,0,0,0,0,0,0,0,0,0,0,0,0,0,0,0,0,0,0,0,0,0,0,0,0,0,0,0,0,0,0,0,0,0,0,0,0,0,0,0,0,0,0,0,0,0,0,0,0,230
King Rail,Rallus elegans,0,0,0,0,0,0,0,0,0,0,0,0,0,0,0,0,0,0,0,0,0,0,0,0,0,1,2,0,0,0,1,0,0,0,0,0,0,0,0,0,0,0,0,0,0,0,0,0,0,0,0,0,0,0,0,0,0,0,0,0,0,0,0,0,0,0,0,0,0,0,1,0,0,0,0,0,0,0,0,0,0,0,0,0,0,0,0,0,0,0,0,0,0
Virginia Rail,Rallus limicola,0,0,0,0,0,0,0,0,0,0,0,0,0,0,0,0,0,0,0,0,0,0,0,0,0,0,2,0,0,0,0,0,0,0,0,1,0,0,0,0,0,0,0,0,0,0,0,0,0,1,0,0,0,0,0,0,0,0,0,0,0,0,0,0,0,0,0,0,0,0,0,0,0,0,0,0,0,0,0,0,0,0,0,0,0,0,0,0,0,0,0,0,0
Ruby-crowned Kinglet,Regulus calendula,0,0,0,0,0,2,2,0,2,0,0,0,0,0,0,0,0,0,0,0,4,10,6,12,6,5,11,6,10,6,15,7,3,4,2,11,10,22,6,14,14,5,6,9,5,10,26,11,77,25,11,24,22,10,8,44,13,70,14,43,14,12,9,9,13,23,20,25,24,11,8,31,56,61,40,68,37,22,52,68,101,92,23,29,30,39,36,33,66,26,83,17,105
Golden-crowned Kinglet,Regulus satrapa,40,0,0,2,5,19,150,3,1,3,12,4,0,7,34,2,2,17,1,44,133,45,60,30,38,105,460,269,103,54,48,57,40,12,22,72,25,6,32,33,54,24,23,28,46,28,65,84,105,34,21,27,47,25,47,110,53,191,43,85,37,33,123,73,36,72,16,48,27,34,4,71,24,142,30,52,22,13,90,65,46,98,33,33,17,55,125,77,23,10,51,32,10
kinglet sp.,Regulus sp.,0,0,0,0,0,0,0,0,0,0,0,0,0,0,0,0,0,0,0,0,0,0,0,0,0,0,0,0,0,0,0,0,0,0,0,0,0,0,0,0,0,0,0,0,0,0,0,0,0,0,0,0,0,0,0,0,0,0,0,0,0,0,0,0,0,0,0,0,0,0,0,0,0,0,0,0,0,0,0,0,0,2,0,0,4,0,0,0,1,0,0,0,3
Eastern Phoebe,Sayornis phoebe,0,0,0,0,0,0,0,0,0,0,0,0,0,0,0,0,0,0,0,0,0,1,0,0,1,3,2,5,3,1,1,0,0,0,0,0,1,0,0,0,0,1,0,0,1,1,3,3,3,1,0,0,1,0,0,3,3,2,0,3,2,2,2,2,2,3,2,1,4,1,3,4,3,1,3,3,3,1,3,3,0,1,0,3,2,4,1,6,1,2,2,4,1
phoebe sp.,Sayornis sp.,0,0,0,0,0,0,0,0,0,0,0,0,0,0,0,0,0,0,0,1,1,0,0,0,0,0,0,0,0,0,0,0,0,0,0,0,0,0,0,0,0,0,0,0,0,0,0,0,0,0,0,0,0,0,0,0,0,0,0,0,0,0,0,0,0,0,0,0,0,0,0,0,0,0,0,0,0,0,0,0,0,0,0,0,0,0,0,0,0,0,0,0,0
Scolopacidae sp.,Scolopacidae sp.,0,0,0,0,0,0,0,0,0,0,0,0,0,0,0,0,0,0,0,0,0,0,0,0,0,0,0,0,0,0,0,0,0,0,0,0,0,0,0,0,0,0,0,0,0,0,0,0,0,0,0,4,0,0,0,0,0,0,0,0,0,0,0,0,0,0,0,0,0,0,0,0,0,6,0,0,0,0,0,0,0,0,0,0,0,0,0,0,0,0,0,0,0
American Woodcock,Scolopax minor,0,0,0,0,0,0,0,0,0,0,0,0,0,0,0,0,0,0,0,0,0,0,0,0,0,0,1,0,0,0,0,0,0,0,1,0,0,0,1,0,1,0,0,0,1,1,3,8,7,6,4,10,6,10,3,1,3,2,3,5,1,1,4,1,2,5,5,3,1,3,9,2,2,1,0,2,1,0,1,0,0,0,0,0,0,0,0,0,1,0,0,0,0
Ovenbird,Seiurus aurocapilla,0,0,0,0,0,0,0,0,0,0,0,0,0,0,0,0,0,0,0,0,0,0,0,0,0,0,0,0,0,0,0,0,0,0,0,0,0,0,0,0,0,0,0,0,0,0,0,0,0,0,0,0,1,0,1,0,1,0,0,0,0,0,0,0,0,0,0,0,0,0,0,0,0,0,0,0,0,0,0,0,0,0,0,0,0,0,0,0,0,1,0,0,0
Rufous Hummingbird,Selasphorus rufus,0,0,0,0,0,0,0,0,0,0,0,0,0,0,0,0,0,0,0,0,0,0,0,0,0,0,0,0,0,0,0,0,0,0,0,0,0,0,0,0,0,0,0,0,0,0,0,0,0,0,0,0,0,0,0,0,0,0,0,0,0,0,0,0,0,0,0,0,0,0,0,0,0,0,0,1,1,0,0,0,0,0,0,0,0,1,0,0,0,0,0,0,0
Selasphorus sp.,Selasphorus sp.,0,0,0,0,0,0,0,0,0,0,0,0,0,0,0,0,0,0,0,0,0,0,0,0,0,0,0,0,0,0,0,0,0,0,0,0,0,0,0,0,0,0,0,0,0,0,0,0,0,0,0,0,0,0,0,0,0,0,0,0,0,0,0,0,0,0,0,0,2,0,0,1,0,0,0,0,0,0,0,0,1,0,0,0,0,0,0,0,0,0,0,0,0
Black-throated Blue Warbler,Setophaga caerulescens,0,0,0,0,0,0,0,0,0,0,0,0,0,0,0,0,0,0,0,0,0,0,0,0,0,0,0,0,0,0,0,0,0,0,0,0,0,0,0,0,0,0,0,0,0,0,0,0,0,0,0,0,0,0,0,0,0,0,0,0,0,0,0,0,0,0,0,0,0,0,0,0,0,0,1,0,0,1,0,0,0,0,0,0,0,0,0,0,0,0,0,0,0
Yellow-rumped Warbler,Setophaga coronata,0,0,0,0,0,0,0,0,0,0,0,0,0,0,0,0,0,0,0,0,0,0,0,0,0,0,0,0,0,0,0,0,0,0,0,0,0,0,0,0,0,0,0,0,0,0,0,0,0,0,0,0,0,0,0,0,0,310,0,0,0,0,0,0,0,0,0,0,0,0,0,0,0,0,0,0,0,0,0,44,0,0,15,0,0,27,0,0,0,0,0,0,0
Yellow-rumped Warbler (Myrtle),Setophaga coronata coronata,0,0,0,1,11,3,1,2,6,4,7,0,0,0,1,0,0,8,4,29,87,213,41,57,64,181,313,133,68,8,34,166,61,19,23,43,5,15,11,0,3,13,9,5,4,2,9,74,33,38,12,64,10,12,190,49,79,0,186,80,31,4,81,13,40,46,7,129,14,37,68,67,34,78,59,83,51,42,99,0,34,26,0,28,13,0,28,9,114,4,63,8,44
Prairie Warbler,Setophaga discolor,0,0,0,0,0,0,0,0,0,0,0,0,0,0,0,0,0,0,0,0,0,0,0,0,0,0,0,0,0,0,0,0,0,0,0,0,0,0,0,0,0,0,0,0,0,0,0,0,0,0,0,0,0,0,0,0,0,0,0,0,0,0,0,0,0,0,0,0,0,0,0,0,0,0,0,0,0,0,0,0,0,0,0,1,0,0,0,0,0,0,0,0,0
Yellow-throated Warbler,Setophaga dominica,0,0,0,0,0,0,0,0,0,0,0,0,0,0,0,0,0,0,0,0,0,0,0,0,0,0,0,0,0,0,1,0,0,0,0,0,0,0,0,0,0,0,0,0,0,0,0,0,0,0,0,0,0,0,0,0,0,0,0,0,1,0,0,0,0,0,0,0,0,0,0,0,0,0,0,0,0,0,0,0,0,0,0,0,0,0,0,0,0,0,0,0,1
Blackburnian Warbler,Setophaga fusca,0,0,0,0,0,0,0,0,0,0,0,0,0,0,0,0,0,0,0,0,0,0,0,0,0,0,0,0,0,0,0,0,0,0,0,0,0,0,0,0,0,0,0,0,0,0,0,0,0,0,0,0,0,0,0,0,0,1,0,0,0,0,0,0,0,0,0,0,0,0,0,0,0,0,0,0,0,1,0,0,0,0,0,0,0,0,0,0,0,0,0,0,0
Palm Warbler,Setophaga palmarum,0,0,0,0,0,0,0,0,0,0,0,0,0,0,0,0,0,0,0,0,0,0,0,0,0,0,1,1,0,0,0,0,0,0,0,0,0,0,0,0,0,1,2,0,2,0,0,2,3,0,1,1,1,0,2,0,1,0,1,0,0,1,0,0,0,1,0,2,0,1,1,16,0,2,2,28,2,0,0,3,5,11,0,0,0,1,0,0,0,0,0,0,0
Palm Warbler (Yellow),Setophaga palmarum hypochrysea,0,0,0,0,0,0,0,0,0,0,0,0,0,0,0,0,0,0,0,0,0,0,0,0,0,1,0,0,0,0,0,0,0,0,0,0,0,0,0,0,0,0,0,0,0,0,0,0,0,0,0,0,0,0,0,0,0,0,0,0,0,0,0,0,0,0,0,0,0,0,0,0,0,0,0,0,0,0,0,0,0,0,0,0,0,0,0,0,0,0,0,0,0
Palm Warbler (Western),Setophaga palmarum palmarum,0,0,0,0,0,0,0,0,0,0,0,0,0,0,0,0,0,0,0,0,0,0,0,0,0,1,0,0,0,0,0,0,0,0,0,0,0,0,0,0,0,0,0,0,0,0,0,0,0,0,0,0,0,0,0,0,0,0,0,0,0,0,0,0,0,0,0,0,0,0,0,0,0,0,0,0,0,0,0,0,0,0,0,0,0,0,0,0,0,0,0,0,0
Yellow Warbler,Setophaga petechia,0,0,0,0,0,0,0,0,0,0,0,0,0,0,0,0,0,0,0,0,0,0,0,0,0,0,0,0,0,0,0,0,0,0,0,0,0,0,0,0,0,0,0,0,0,0,0,0,0,0,0,0,0,0,0,0,0,0,0,0,0,0,0,0,0,0,0,0,0,0,0,0,0,0,1,0,0,0,0,0,0,1,0,0,0,0,0,0,0,0,0,0,0
Pine Warbler,Setophaga pinus,0,0,0,0,0,0,0,0,0,0,0,0,0,0,0,0,0,0,0,0,0,0,0,0,0,0,0,0,0,0,0,0,0,0,0,0,0,0,0,0,0,0,0,0,0,0,0,0,0,0,0,0,0,0,0,0,2,0,0,1,0,0,0,0,0,0,0,1,0,0,0,0,2,1,0,0,0,0,3,2,5,4,0,1,0,1,1,1,0,0,2,0,1
American Redstart,Setophaga ruticilla,0,0,0,0,0,0,0,0,0,0,0,0,0,0,0,0,0,0,0,0,0,0,0,0,0,0,0,0,0,0,0,0,0,0,0,0,0,0,0,0,0,0,0,0,0,0,0,0,0,0,0,0,0,0,0,0,0,0,0,0,0,0,0,0,0,0,0,0,0,0,0,0,0,0,0,0,0,0,0,0,0,0,0,0,0,0,0,0,1,0,0,0,0
Cape May Warbler,Setophaga tigrina,0,0,0,0,0,0,0,0,0,0,0,0,0,0,0,0,0,0,0,0,0,0,0,0,0,0,0,0,0,0,0,0,0,0,0,0,0,0,0,8,0,0,0,0,0,0,0,0,0,0,0,0,0,0,0,0,1,0,0,3,0,0,0,0,0,0,0,0,0,0,0,0,0,0,0,0,0,0,0,0,0,0,0,0,0,0,0,0,0,0,0,0,0
Eastern Bluebird,Sialia sialis,0,0,0,0,0,0,0,0,0,0,0,0,0,0,0,0,0,0,0,0,0,70,106,96,45,94,199,98,138,39,43,46,24,17,4,9,3,11,0,5,0,2,0,0,1,0,0,0,0,0,0,0,0,3,13,1,4,2,8,28,7,2,8,0,13,19,15,18,31,53,71,60,69,78,124,82,34,35,90,100,43,31,22,27,47,123,92,62,59,22,61,24,42
bluebird sp.,Sialia sp.,0,0,0,3,11,12,14,21,6,8,20,15,3,0,18,12,2,32,9,82,68,0,0,0,0,0,0,0,0,0,0,0,0,0,0,0,0,0,0,0,0,0,0,0,0,0,0,0,0,0,0,0,0,0,0,0,0,0,0,0,0,0,0,0,0,0,0,0,0,0,0,0,0,0,0,0,0,0,0,0,0,0,0,0,0,0,0,0,0,0,0,0,0
Red-breasted Nuthatch,Sitta canadensis,8,0,0,0,0,2,0,4,0,3,0,1,1,5,6,0,0,6,0,2,5,1,0,2,0,0,0,121,10,7,10,0,1,0,6,0,31,0,23,1,0,8,17,0,1,2,14,5,25,5,24,4,7,27,44,7,49,2,28,37,1,2,25,1,1,1,13,10,3,1,2,5,21,12,0,1,1,2,15,2,15,6,1,8,0,17,2,4,1,9,1,0,0
White-breasted Nuthatch,Sitta carolinensis,10,4,2,0,8,2,1,8,0,4,2,8,6,4,11,2,3,11,11,131,43,142,114,139,67,139,223,213,273,82,155,139,183,67,150,59,130,62,100,69,33,130,39,27,46,21,79,37,138,33,145,46,84,63,105,167,128,122,134,104,138,134,101,56,94,85,101,126,85,93,108,139,190,78,145,96,119,180,281,286,289,277,178,314,344,455,384,382,436,210,398,66,271
Yellow-bellied Sapsucker,Sphyrapicus varius,0,0,0,1,0,1,1,4,1,0,2,0,0,0,0,0,0,0,0,3,1,5,3,6,4,7,8,9,19,4,4,8,13,9,7,6,10,13,4,4,8,11,3,12,14,7,8,14,30,6,8,13,5,9,16,19,27,37,54,49,37,26,42,8,23,14,26,16,20,26,29,21,21,14,25,17,24,37,43,32,29,22,19,35,25,35,49,40,41,24,53,12,45
Pine Siskin,Spinus pinus,0,0,0,0,0,1,0,0,0,0,4,0,0,0,0,0,0,0,0,24,47,0,2,0,4,128,2,88,15,0,21,4,17,1,1,1,15,0,1,0,0,220,37,19,19,11,40,9,1,7,110,0,6,9,27,21,1,5,30,18,57,22,16,4,0,9,1,2,2,2,1,0,1,2,0,0,1,0,2,1,0,15,0,2,0,57,0,7,24,0,1,0,0
Spinus sp. (goldfinch sp.),Spinus sp. (goldfinch sp.),8,11,23,4,29,1,30,20,11,3,45,3,2,7,102,17,14,3,18,180,166,0,0,0,0,0,0,0,0,0,0,0,0,0,0,0,0,0,0,0,0,0,0,0,0,0,0,0,0,0,0,0,0,0,0,0,0,0,0,0,0,0,0,0,0,0,0,0,0,0,0,0,0,0,0,0,0,0,0,0,0,0,0,0,0,0,0,0,0,0,0,0,0
American Goldfinch,Spinus tristis,0,0,0,0,0,0,0,0,0,0,0,0,0,0,0,0,0,0,0,0,0,120,323,333,337,583,1298,731,398,273,640,230,736,213,170,520,520,310,950,300,350,690,410,300,190,361,541,466,250,523,451,345,298,389,448,354,252,265,273,176,295,189,249,163,346,383,303,535,233,211,464,536,469,299,457,181,396,558,528,465,616,563,196,355,260,408,445,522,331,346,278,145,306
Dickcissel,Spiza americana,0,0,0,0,0,0,0,0,0,0,0,0,0,0,0,0,0,0,0,0,0,0,0,0,0,0,0,0,0,0,0,0,0,0,0,0,0,0,0,0,0,0,0,0,0,0,0,0,0,0,0,0,0,0,0,0,0,0,0,0,0,0,0,0,0,0,0,0,0,0,0,0,0,0,0,0,0,1,0,0,0,0,0,0,0,0,0,0,0,0,0,0,1
Chipping Sparrow,Spizella passerina,0,3,0,0,0,0,0,0,0,0,0,0,0,0,0,22,0,0,0,0,0,0,0,1,0,0,23,0,0,0,3,0,4,0,0,1,1,0,21,0,10,2,2,2,3,0,4,4,2,0,0,0,1,0,2,0,0,4,3,0,0,0,1,0,0,0,1,4,0,0,0,2,3,1,5,2,21,1,0,0,3,0,1,2,4,5,3,7,8,15,5,21,2
Field Sparrow,Spizella pusilla,0,0,27,2,32,2,0,11,4,2,4,0,0,0,7,8,0,0,0,29,33,107,125,129,145,192,507,368,181,239,199,339,195,51,65,240,270,160,300,34,250,150,130,150,300,57,123,193,201,135,102,85,306,184,112,72,73,48,58,58,107,52,117,28,102,87,51,42,45,51,55,52,49,21,29,99,34,22,27,39,27,28,35,47,3,31,14,24,17,2,23,7,31
American Tree Sparrow,Spizelloides arborea,0,67,143,100,27,10,226,200,16,20,50,15,2,2,140,37,28,10,1,107,76,24,245,123,158,230,259,307,327,30,143,97,78,16,54,140,100,45,110,73,73,130,190,34,23,27,18,28,10,8,11,12,12,13,6,2,7,12,6,4,3,2,10,3,3,4,4,3,33,30,4,4,4,1,1,8,6,2,4,3,1,2,2,0,1,2,0,0,9,0,0,0,0
tern sp.,Sterninae sp.,0,0,0,0,0,0,0,0,0,0,0,0,0,0,0,0,0,0,0,0,0,0,0,0,0,0,0,0,0,0,0,0,0,0,0,0,0,0,0,0,0,0,0,0,0,0,0,0,0,0,0,0,0,0,0,0,0,0,0,0,0,0,3,0,0,0,0,0,0,0,0,0,0,0,0,0,0,0,0,0,0,0,0,0,0,0,0,0,0,0,0,0,0
owl sp.,Strigiformes sp.,0,0,0,0,0,0,0,0,0,0,0,0,0,0,0,0,0,0,0,0,0,0,0,0,0,0,0,0,0,0,0,0,0,0,0,0,0,0,0,0,0,0,0,0,0,0,0,0,0,0,0,0,0,0,0,0,0,0,0,1,0,0,0,0,0,0,0,0,0,0,0,0,0,0,0,0,0,0,0,0,0,0,0,0,0,0,0,0,0,0,0,0,0
Barred Owl,Strix varia,0,0,1,1,3,5,2,2,0,0,0,0,2,0,0,0,0,0,1,5,6,4,4,5,6,7,16,13,12,12,8,6,3,2,3,5,3,0,2,2,0,1,4,0,1,1,1,2,4,5,4,3,4,9,4,2,2,1,1,3,3,2,3,1,2,2,1,5,2,2,1,3,2,3,5,4,0,3,4,9,3,3,0,8,7,5,4,5,5,3,6,1,5
Eastern Meadowlark,Sturnella magna,0,0,0,0,0,0,0,0,0,0,0,0,0,0,0,0,0,0,0,0,0,4,0,35,50,33,46,50,62,52,46,50,27,21,6,9,18,25,12,0,30,28,2,9,3,17,19,48,30,36,16,20,45,7,40,3,3,18,12,0,1,2,4,0,2,3,1,0,0,3,5,1,9,0,0,0,0,4,0,0,3,0,0,0,0,3,0,0,0,0,0,0,0
Western/Eastern Meadowlark,Sturnella neglecta/magna,0,0,11,3,61,5,6,0,7,18,18,0,0,0,0,0,0,0,0,28,2,0,0,0,0,0,0,0,0,0,0,0,0,0,0,0,0,0,0,0,0,0,0,0,0,0,0,0,0,0,0,0,0,0,0,0,0,0,0,0,0,0,0,0,0,0,0,0,0,0,0,0,0,0,0,0,0,0,0,0,0,0,0,0,0,0,0,0,0,0,0,0,0
European Starling,Sturnus vulgaris,0,0,0,0,0,20,14,0,14,34,40,300,20,28,1800,5600,4,10,4,15000,1652,5766,14163,14211,13538,9085,22655,54165,40339,22465,25278,36382,0,181074,209746,150000,150000,420000,95000,7000,7400,8800,8500,13000,8200,7177,15275,6236,14375,17562,7501,21530,12623,10947,5376,9867,29139,11143,5219,9920,4494,3952,2309,3805,15486,4450,7056,5015,5124,4154,5173,3610,4096,5082,5743,4794,3369,3770,4834,14026,6894,4218,1994,2199,4028,3741,5025,3481,4045,3556,5235,3847,4309
Tree Swallow,Tachycineta bicolor,0,0,0,0,0,0,0,0,0,0,0,0,0,0,0,0,0,0,0,0,0,0,0,0,0,0,0,0,0,0,0,0,0,0,0,0,0,0,0,0,0,0,0,0,0,0,0,0,0,0,0,0,0,0,0,0,0,0,0,0,0,0,0,0,0,0,0,0,1,0,0,0,0,0,0,0,0,0,0,0,0,0,0,0,0,0,0,0,0,0,0,0,0
Carolina Wren,Thryothorus ludovicianus,10,3,4,5,10,20,5,4,1,3,3,0,0,5,4,5,2,2,0,55,57,78,86,100,124,172,305,272,226,119,283,138,280,69,72,100,100,130,120,89,82,140,99,190,140,153,506,422,395,346,272,218,218,179,307,176,244,380,296,425,387,227,194,128,402,529,576,431,240,245,342,359,431,316,426,380,294,459,502,603,362,551,259,446,418,669,702,620,482,324,609,224,641
Brown Thrasher,Toxostoma rufum,0,0,0,0,0,0,0,0,0,0,0,0,0,0,0,0,0,0,0,0,0,0,1,0,1,0,0,0,0,1,0,0,0,0,3,8,5,2,1,2,2,2,2,8,0,1,2,6,3,9,1,2,2,2,2,1,1,1,2,1,1,1,1,0,1,2,1,0,2,2,2,2,3,1,2,2,1,1,5,1,3,1,0,4,1,0,0,0,1,2,1,1,6
Lesser Yellowlegs,Tringa flavipes,0,0,0,0,0,0,0,0,0,0,0,0,0,0,0,0,0,0,0,0,0,0,0,0,0,4,3,0,0,0,0,0,0,0,0,0,0,0,0,0,0,0,0,0,0,0,0,1,0,0,0,0,0,0,0,0,0,0,0,0,0,0,0,0,0,0,0,0,0,0,0,0,0,0,0,0,0,2,0,0,0,0,0,0,0,0,0,0,0,0,0,0,0
Greater Yellowlegs,Tringa melanoleuca,0,0,0,0,0,0,0,0,0,0,0,0,0,0,0,0,0,0,0,0,0,0,0,0,0,0,0,0,0,0,0,0,0,0,0,0,0,0,0,0,0,0,0,0,0,0,0,0,0,0,0,0,0,1,0,0,0,0,0,0,1,0,0,0,0,0,0,4,0,0,1,0,2,3,4,1,1,5,0,0,0,0,0,0,0,0,0,0,0,0,0,0,0
hummingbird sp.,Trochilidae sp.,0,0,0,0,0,0,0,0,0,0,0,0,0,0,0,0,0,0,0,0,0,0,0,0,0,0,0,0,0,0,0,0,0,0,0,0,0,0,0,0,0,0,0,0,0,0,0,0,0,0,0,0,0,0,0,0,0,0,0,0,0,0,0,0,0,0,0,0,0,0,0,0,0,0,1,0,0,0,0,0,0,0,0,0,0,0,0,0,0,0,0,0,0
House Wren,Troglodytes aedon,0,0,0,0,0,0,0,0,0,0,0,0,0,0,0,0,0,0,0,0,0,0,0,0,0,2,2,1,0,0,1,0,2,0,0,1,0,1,0,0,0,0,0,0,2,0,0,0,0,3,0,1,3,0,0,1,1,2,1,0,1,1,0,0,2,4,3,2,1,1,2,2,1,0,2,1,2,1,1,0,0,2,0,1,1,1,0,1,0,1,0,0,2
Winter Wren,Troglodytes hiemalis,0,0,0,0,0,0,0,0,0,0,0,0,0,0,0,0,0,0,0,0,0,0,0,0,0,0,0,0,0,0,0,0,0,0,0,0,0,0,0,0,0,0,0,0,0,0,0,0,0,0,0,0,0,0,0,0,0,0,0,0,0,0,0,0,0,0,0,0,0,0,0,0,0,0,0,0,0,0,0,0,0,0,0,36,43,71,55,73,27,18,38,8,28
Pacific/Winter Wren,Troglodytes pacificus/hiemalis,12,0,2,0,2,1,2,1,1,1,0,5,0,5,2,1,0,0,0,5,16,13,12,15,12,56,110,43,54,23,16,20,9,9,4,23,12,5,11,11,15,22,3,13,10,15,37,27,18,20,14,12,10,14,8,8,14,17,17,22,15,13,12,8,13,36,22,23,10,19,19,24,41,9,14,20,11,24,34,45,16,38,23,0,0,0,0,0,0,0,0,0,0
wren sp.,Troglodytidae sp.,0,0,0,0,0,0,0,0,0,0,0,0,0,0,0,0,0,0,0,0,0,0,0,0,0,0,0,0,0,0,0,0,0,0,0,0,0,0,0,0,0,0,0,0,0,0,0,0,0,0,0,0,0,0,0,0,0,0,0,0,0,0,0,0,0,0,0,0,0,0,0,0,0,0,0,0,0,0,0,0,0,1,0,0,0,0,0,0,0,0,0,0,0
American Robin,Turdus migratorius,0,0,0,88,0,0,0,0,1,0,0,1,0,0,0,0,0,0,0,2,4,2,6,1,10,17,20,51,286,1,216,9,62,0,0,9,7,9,7,47,7,9,10,16,13,32,44,36,83,17,23,16,54,116,67,55,114,59,344,44,293,181,175,138,217,339,315,506,566,709,668,693,613,134,934,1259,1502,1055,2577,12144,2151,1986,2600,1274,3954,1473,3887,3259,2627,4661,1411,1528,2545
Barn Owl,Tyto alba,0,0,0,0,0,0,0,0,0,0,0,0,0,0,0,0,0,0,0,0,0,2,1,0,1,0,3,0,3,0,0,2,1,0,0,0,0,0,0,0,0,0,0,0,0,0,0,0,0,0,0,0,0,0,0,0,0,0,0,0,0,0,0,0,0,0,0,0,0,1,1,0,1,0,0,0,1,0,0,0,0,0,0,0,0,0,0,0,0,0,0,0,0
Barn Owl (American),Tyto alba furcata Group,0,0,0,0,0,0,0,0,0,0,0,0,0,0,0,0,0,0,0,0,0,0,0,0,0,0,0,0,0,0,0,0,0,1,0,0,0,0,0,0,0,0,0,0,1,0,0,0,1,0,1,0,1,2,2,1,5,1,0,0,0,0,0,0,0,0,0,0,0,0,0,0,0,0,0,0,0,0,0,0,0,0,0,0,0,0,0,0,0,0,0,0,0
Blue-headed Vireo,Vireo solitarius,0,0,0,0,0,0,0,0,0,0,0,0,0,0,0,0,0,0,0,0,0,0,0,0,0,0,0,0,0,0,0,0,0,0,0,0,0,0,0,0,0,0,0,0,0,0,0,0,0,0,0,0,0,0,0,0,0,0,0,0,0,0,0,0,0,0,0,0,0,0,0,0,0,0,0,0,0,0,0,0,0,1,0,0,0,0,0,0,0,0,0,0,0
Mourning Dove,Zenaida macroura,0,0,0,0,0,0,0,0,0,15,6,0,0,0,0,0,0,0,0,69,4,13,26,43,57,136,590,498,166,172,283,328,448,282,595,310,990,1200,1500,900,820,1200,860,1100,1300,798,2336,1392,877,727,1023,1047,1169,1115,864,520,799,746,530,701,695,961,544,451,860,439,738,955,417,466,760,631,510,480,421,575,760,1026,1121,1020,1396,1031,446,1003,1160,1321,1221,958,1071,947,1172,737,1469
White-throated Sparrow,Zonotrichia albicollis,35,1,6,57,38,45,25,40,3,3,12,18,1,6,14,27,9,17,35,221,734,563,746,559,841,1158,1532,1798,1123,1125,733,1308,1404,718,754,1000,1100,530,520,350,650,900,390,940,550,764,1598,1837,1499,1388,1815,1607,1407,1339,1465,1443,1229,1241,1968,1058,993,674,952,393,1183,869,1072,902,741,819,924,765,1144,826,691,1198,1353,1116,1623,1944,1234,1527,857,1183,1608,2302,1578,1901,1994,1707,1773,1763,2008
Golden-crowned Sparrow,Zonotrichia atricapilla,0,0,0,0,0,0,0,0,0,0,0,0,0,0,0,0,0,0,0,0,0,0,0,0,0,0,0,0,0,0,0,0,0,0,0,0,0,0,0,0,0,0,0,0,0,0,0,0,0,0,0,0,0,0,0,0,0,0,0,0,0,0,2,0,0,0,0,0,0,0,0,0,0,0,0,0,0,0,0,0,0,0,0,0,0,0,0,0,0,0,0,0,0
White-crowned Sparrow,Zonotrichia leucophrys,0,0,0,0,0,0,0,0,0,0,0,3,0,0,0,0,0,0,0,0,1,0,0,0,2,4,18,4,3,1,12,2,4,3,3,14,7,9,3,16,26,43,3,4,0,1,19,53,8,16,6,2,3,0,1,3,0,7,1,11,1,0,0,1,0,2,0,4,2,3,2,2,3,2,2,2,5,0,0,0,0,1,0,0,0,0,1,0,1,1,0,0,0
