common.name,species.name,1944,1945,1946,1947,1948,1949,1950,1951,1952,1953,1954,1955,1956,1957,1958,1959,1960,1961,1962,1963,1965,1966,1967,1968,1969,1970,1971,1972,1973,1974,1975,1976,1978,1979,1980,1981,1982,1983,1984,1985,1986,1987,1988,1989,1990,1991,1992,1993,1994,1995,1996,1997,1998,1999,2000,2001,2002,2003,2004,2005,2006,2007,2008,2009,2010,2011,2012,2013,2014,2015,2016,2017,2018,2019
Accipiter sp.,Accipiter sp.,0,0,0,0,0,0,0,0,0,0,0,0,0,0,0,0,0,0,0,0,0,0,0,0,0,0,0,0,0,0,0,0,0,0,0,0,0,0,0,0,0,0,0,0,0,0,0,0,0,0,0,0,0,1,0,1,0,0,0,0,0,0,0,0,0,0,0,0,0,0,0,1,0,0
American Black Duck,Anas rubripes,0,0,0,0,1,0,0,0,0,0,1,0,1,2,0,0,0,0,0,0,0,1,3,0,1,1,2,5,12,14,7,5,3,9,10,9,16,8,4,6,8,25,10,9,3,5,6,6,19,6,9,9,0,20,6,5,7,7,18,9,6,2,6,6,9,6,3,2,2,10,4,3,1,3
American Coot,Fulica americana,0,0,0,0,0,0,0,0,0,0,0,0,0,0,0,0,0,0,0,0,0,0,0,0,0,0,0,0,0,2,2,0,0,5,0,1,0,0,0,0,0,4,1,1,0,0,1,0,3,2,0,3,66,17,3,173,1,8,2,3,19,5,10,4,3,10,4,4,5,7,5,0,0,0
American Crow,Corvus brachyrhynchos,0,0,0,23,2,5,11,6,16,5,87,101,8,42,125,41,30,17,20,7,100,52,89,26,84,150,120,211,409,561,239,73,195,386,316,402,636,587,305,293,820,435,841,1000,787,1059,779,859,1644,1098,1711,1520,2335,2654,1955,2180,1797,1950,1582,1298,1094,731,694,1222,1638,1613,802,965,934,1100,801,1879,870,735
American Goldfinch,Spinus tristis,0,0,0,20,3,20,0,5,67,65,326,75,0,98,4,5,3,0,32,16,54,16,92,140,90,74,130,108,187,257,239,129,183,220,369,121,202,169,284,49,106,138,215,333,221,140,125,132,129,246,195,253,216,446,219,334,175,233,300,327,337,252,384,339,466,374,358,286,344,308,243,240,248,128
American Kestrel,Falco sparverius,0,0,0,0,0,0,2,2,0,0,0,0,0,0,1,1,1,2,3,0,2,3,3,2,3,3,2,4,0,6,3,0,1,1,1,8,7,7,3,0,2,8,5,10,3,5,7,15,8,7,2,11,2,9,4,5,5,6,6,3,3,1,2,5,2,0,3,2,1,0,3,1,1,0
American Robin,Turdus migratorius,0,0,0,0,0,1,1,1,0,0,2,2,0,0,0,0,0,0,0,1,2,0,1,2,13,5,2,1,5,29,0,2,2,5,12,11,13,45,4,2,6,163,12,38,1,21,54,6,34,7,111,12,263,70,96,658,79,148,176,299,34,234,1069,821,1047,144,481,173,1228,267,1748,92,1102,322
American Tree Sparrow,Spizelloides arborea,17,6,4,25,10,25,10,40,6,160,315,20,5,28,5,15,7,3,120,64,65,170,39,32,21,190,33,98,472,260,229,142,25,151,492,59,214,63,45,13,61,165,256,101,175,10,13,10,183,87,9,96,183,66,96,80,51,39,68,166,21,78,103,27,46,87,76,57,10,101,32,18,23,36
American White Pelican,Pelecanus erythrorhynchos,0,0,0,0,0,0,0,0,0,0,0,0,0,0,0,0,0,0,0,0,0,0,0,0,0,0,0,0,0,0,0,0,0,0,0,0,0,0,0,0,0,0,0,0,0,0,0,0,0,0,0,0,0,0,0,0,0,0,3,1,1,0,3,2,2,2,3,21,3,0,0,0,0,0
American Wigeon,Anas americana,1,0,0,0,0,0,0,0,0,0,0,0,0,0,0,0,0,0,0,0,0,0,0,0,0,0,0,0,0,1,0,0,0,0,0,0,0,1,0,0,0,0,0,0,0,0,0,0,0,0,0,0,5,0,0,0,0,0,0,0,1,1,2,0,0,2,3,1,2,1,1,0,0,0
Bald Eagle,Haliaeetus leucocephalus,0,0,0,0,0,0,0,0,0,0,0,0,0,0,0,0,0,0,0,0,0,0,0,0,0,0,0,0,0,0,0,0,1,2,4,2,4,5,4,4,1,5,4,8,6,6,1,10,26,19,34,4,19,24,28,11,29,45,31,50,31,31,18,39,42,40,24,48,48,57,28,43,61,76
Barred Owl,Strix varia,0,0,0,4,2,1,0,1,1,2,1,1,2,3,1,1,1,1,1,0,3,1,0,0,0,2,1,1,0,1,1,4,0,1,1,4,1,3,3,0,1,0,1,1,0,0,0,0,0,1,1,1,0,2,0,0,0,0,1,3,0,2,0,4,1,1,3,1,1,1,0,1,1,0
Barrow's Goldeneye,Bucephala islandica,0,0,0,0,0,0,0,0,0,0,0,0,0,0,0,0,0,0,0,0,1,1,0,1,0,0,0,0,3,0,0,0,0,0,0,0,0,0,0,0,0,0,0,0,0,0,0,0,0,0,0,0,0,0,0,0,0,0,0,0,0,0,0,0,0,0,0,0,0,0,0,0,0,0
Belted Kingfisher,Megaceryle alcyon,0,0,0,0,0,0,0,1,0,0,2,0,1,0,0,1,0,0,1,0,0,1,1,0,3,0,0,0,1,1,0,1,2,2,3,2,1,3,2,0,1,3,2,1,0,1,1,3,3,1,2,3,2,6,2,5,3,3,4,2,4,3,3,1,0,3,5,1,1,3,3,1,4,2
Black-backed Woodpecker,Picoides arcticus,0,0,0,0,0,0,0,0,0,0,0,0,0,0,0,0,0,0,0,0,0,0,2,0,0,0,0,0,0,0,0,0,0,0,0,0,0,0,0,0,0,0,0,0,0,0,0,0,0,0,0,0,0,0,0,0,0,0,0,0,0,0,0,0,0,0,0,0,0,0,0,0,0,0
Black-capped Chickadee,Poecile atricapillus,26,19,85,30,70,60,85,45,80,110,110,51,120,85,90,65,55,92,64,36,210,240,170,240,200,240,210,282,218,391,249,235,158,357,555,520,704,524,285,157,433,326,283,552,289,295,331,489,443,436,505,718,549,605,537,573,616,698,577,648,733,539,423,872,745,839,593,541,675,726,729,743,823,504
Black-crowned Night-Heron,Nycticorax nycticorax,0,0,0,0,0,0,0,0,0,0,0,0,0,0,0,0,0,0,0,0,0,0,0,0,0,0,0,0,0,0,0,0,0,0,1,0,0,0,0,0,0,0,0,0,0,0,0,0,0,0,0,0,0,0,0,0,0,0,0,0,1,0,0,0,0,0,0,0,0,0,0,0,0,0
Blue Jay,Cyanocitta cristata,5,36,5,25,10,23,20,22,22,23,70,45,35,50,12,31,32,19,10,17,210,34,76,100,360,210,100,140,255,165,179,197,19,192,243,330,360,188,125,130,34,91,99,86,53,181,111,70,267,83,185,100,89,57,124,142,66,67,43,87,69,85,24,176,128,116,112,181,63,76,50,264,292,130
Bohemian Waxwing,Bombycilla garrulus,0,0,0,0,0,0,0,0,0,0,0,0,0,0,0,0,0,0,0,0,0,24,0,31,0,0,0,30,0,0,0,0,0,0,0,0,0,175,0,0,0,0,0,0,0,0,0,0,0,0,0,0,0,0,0,0,0,0,0,0,0,0,0,0,0,0,0,0,0,0,0,0,0,0
Boreal Chickadee,Poecile hudsonicus,2,0,4,0,0,0,0,0,0,0,0,0,0,0,0,0,0,0,0,0,0,0,0,0,0,0,0,0,0,0,0,0,0,0,0,0,0,0,0,0,0,0,0,0,0,0,0,0,0,0,0,0,0,0,0,0,0,0,0,0,0,0,0,0,0,0,0,0,0,0,0,0,0,0
Brewer's Blackbird,Euphagus cyanocephalus,0,0,0,0,0,0,0,1,1,1,0,0,0,0,3,0,0,0,0,0,0,0,0,0,0,0,0,0,0,0,0,0,0,0,0,0,0,0,0,0,0,0,0,0,0,0,0,0,0,0,0,0,0,0,0,0,0,0,0,0,0,0,0,0,0,0,0,0,0,0,0,0,0,0
Broad-winged Hawk,Buteo platypterus,0,0,0,0,0,0,0,0,0,0,0,0,0,0,2,0,0,0,0,1,0,0,0,0,0,0,0,0,0,0,0,0,0,0,0,0,0,0,0,0,0,0,0,0,0,0,0,0,0,0,0,0,0,0,0,0,0,0,0,0,1,0,0,0,0,0,0,0,0,0,0,0,0,0
Brown-headed Cowbird,Molothrus ater,0,0,0,0,0,0,0,0,0,0,0,0,0,0,0,0,0,0,0,0,0,0,0,0,0,0,0,0,0,0,0,0,0,0,0,0,1,0,0,0,0,0,0,0,0,0,0,0,0,0,0,0,0,0,0,0,0,0,0,0,0,0,0,0,0,0,0,0,0,0,0,0,0,0
Brown Creeper,Certhia americana,0,0,4,0,2,2,2,2,5,4,2,1,1,3,1,3,2,4,0,0,1,2,8,5,8,1,2,1,5,3,1,1,1,8,6,1,6,6,2,3,6,12,1,3,2,2,3,8,4,7,5,5,5,4,5,8,12,4,2,11,22,5,6,7,4,4,11,6,3,3,1,9,6,0
Brown Thrasher,Toxostoma rufum,0,0,0,0,0,0,0,0,0,0,0,0,0,0,0,0,0,0,0,0,0,0,1,0,0,1,3,0,2,0,0,0,0,0,1,1,0,0,0,0,0,0,0,0,0,0,0,0,0,0,0,0,0,0,0,0,0,0,0,0,0,0,0,0,0,0,0,0,0,0,0,0,0,0
Bufflehead,Bucephala albeola,0,0,0,0,0,0,0,1,0,0,0,0,0,0,0,0,0,0,0,0,0,0,0,0,4,0,4,2,0,0,0,0,0,0,0,0,1,0,0,0,0,0,1,0,0,0,3,0,0,0,0,0,0,7,0,0,4,1,0,0,1,0,0,0,0,3,1,2,0,0,0,0,1,0
Buteo sp.,Buteo sp.,0,0,0,0,0,0,0,0,0,0,0,0,0,0,0,0,0,0,0,0,0,0,0,0,0,0,0,0,0,0,0,0,0,0,5,1,0,0,0,0,0,0,0,0,0,0,0,0,0,0,0,0,1,0,0,0,0,0,0,0,0,0,0,0,0,0,0,0,0,0,0,0,0,0
Cackling Goose,Branta hutchinsii,0,0,0,0,0,0,0,0,0,0,0,0,0,0,0,0,0,0,0,0,0,0,0,0,0,0,0,0,0,0,0,0,0,0,0,0,0,0,0,0,0,0,0,0,0,0,0,0,0,0,0,0,0,0,0,0,0,0,0,0,0,0,0,0,0,0,0,0,0,10,0,0,0,0
Canada Goose,Branta canadensis,0,0,0,0,0,0,0,0,0,75,0,0,0,10,0,0,0,0,0,32,57,0,0,0,8,3,0,0,0,0,10,0,80,66,2,1,596,124,50,151,30,134,377,478,207,237,1649,450,969,772,490,697,7297,6209,833,5565,2959,1667,3219,1326,2107,2978,1285,1677,828,906,424,827,1161,1716,629,1197,523,355
Canvasback,Aythya valisineria,0,0,0,0,0,0,0,0,0,0,0,1,0,0,0,0,0,0,0,0,0,0,0,0,0,0,0,0,0,0,0,0,0,0,0,0,0,0,0,0,0,0,2,0,0,0,0,0,2,0,0,0,0,1,0,0,0,0,0,0,1,0,0,0,1,0,0,0,0,0,0,0,0,0
Carolina Wren,Thryothorus ludovicianus,0,0,0,0,0,0,0,0,0,0,0,0,0,0,0,0,0,0,0,0,0,0,0,0,0,0,0,0,0,0,0,0,0,0,0,0,0,0,0,0,0,0,0,0,0,0,0,0,0,0,0,0,0,0,0,0,0,1,0,1,0,0,1,0,0,0,1,0,0,0,0,0,0,0
Cedar Waxwing,Bombycilla cedrorum,0,0,0,0,0,0,0,0,0,10,9,0,0,0,0,0,11,0,0,0,23,0,21,18,31,1,3,37,0,69,20,0,0,109,71,75,83,479,13,0,92,249,10,107,88,15,59,33,27,107,69,3,68,47,91,100,40,32,109,47,3,146,202,55,40,110,2,79,97,0,13,19,40,0
Chipping Sparrow,Spizella passerina,0,0,0,0,0,0,0,0,0,0,0,0,0,0,0,0,0,0,0,0,0,0,0,0,0,0,0,0,0,0,0,1,0,0,0,0,0,0,0,0,0,0,0,0,0,1,0,0,0,0,0,0,0,0,0,0,0,0,0,0,0,0,0,0,0,0,1,0,0,0,0,0,0,0
Common Goldeneye,Bucephala clangula,0,0,0,0,45,120,10,60,85,23,14,34,14,2,180,0,3,0,0,20,80,270,150,350,120,170,470,594,348,415,210,410,354,247,204,216,1053,362,40,66,452,128,520,103,13,1350,79,27,314,133,176,51,42,354,58,35,112,36,60,203,17,35,36,19,58,7,4,399,15,15,15,22,33,24
Common Grackle,Quiscalus quiscula,0,0,0,0,0,0,0,0,0,0,0,0,0,0,0,0,6,0,0,0,0,0,280,4,3,7,6,6,2,12,22,3,2,36,64,1,5,6,1,1,21,51,5,13,7,5,2,43,2,1,9,0,1,1,1,2,1,0,0,0,0,0,0,0,11,0,1,0,6,3,0,0,1,0
Common Loon,Gavia immer,0,0,0,0,0,1,0,0,0,0,0,0,0,0,0,0,0,0,0,0,0,0,0,0,0,0,0,0,0,0,0,0,0,0,0,0,0,0,0,0,0,0,0,0,0,0,0,1,0,0,0,0,1,0,0,0,1,0,0,0,0,0,0,0,0,0,0,0,0,0,0,0,0,0
Common Merganser,Mergus merganser,0,0,0,0,0,0,0,2,0,0,0,0,0,0,0,0,0,0,0,0,0,0,0,0,0,0,0,3,8,0,2,0,0,0,0,1,0,1,67,9,0,0,1,1,0,10,1,15,3,13,29,7,172,105,166,8,9,11,4,47,31,93,224,345,311,34,82,684,45,2,43,124,124,34
Common Raven,Corvus corax,0,0,0,0,0,0,0,0,0,0,0,0,0,0,0,0,0,0,0,0,0,0,0,0,0,0,0,0,0,0,0,0,0,0,0,0,0,0,0,0,0,0,0,0,0,0,0,0,0,0,0,0,0,0,0,0,0,0,0,0,0,0,0,0,0,0,0,0,0,0,0,1,0,0
Common Redpoll,Acanthis flammea,0,0,0,14,0,0,0,7,35,25,10,40,0,10,15,48,12,0,0,2,380,50,0,520,340,0,450,41,823,0,87,4,0,0,76,13,50,5,0,0,0,1,2,11,4,1,0,0,0,189,0,35,0,1,0,0,0,36,3,6,0,0,0,0,2,0,4,0,0,4,0,29,8,0
Cooper's Hawk,Accipiter cooperii,0,0,0,0,0,0,0,2,0,0,0,1,0,0,0,1,0,0,0,0,0,0,0,0,0,0,1,0,1,0,0,0,0,0,0,0,0,0,0,0,0,0,0,0,0,0,2,0,3,1,2,0,1,2,1,3,5,5,5,3,7,8,4,5,3,1,5,8,9,2,1,4,3,5
crossbill sp.,Loxia sp.,0,0,0,0,0,0,0,0,0,0,0,0,0,0,0,0,0,0,0,0,0,0,0,0,0,0,0,0,0,8,0,0,0,0,0,0,0,0,0,0,0,0,0,0,0,0,0,0,0,0,0,0,0,0,0,0,0,0,0,0,0,0,0,0,0,0,0,0,0,0,0,0,0,0
crow sp.,Corvus sp. (crow sp.),5,2,1,0,0,0,0,0,0,0,0,0,0,0,0,0,0,0,0,0,0,0,0,0,0,0,0,0,0,0,0,0,0,0,0,0,0,0,0,0,0,0,0,0,0,0,0,0,0,0,0,0,0,0,0,0,0,0,0,0,0,0,0,0,0,0,0,0,0,0,0,0,0,0
Dark-eyed Junco (Oregon),Junco hyemalis,0,0,0,0,0,1,0,1,0,0,1,0,0,0,0,0,1,1,0,6,0,2,0,0,2,0,0,1,0,2,0,0,0,0,0,0,0,375,0,0,0,0,0,0,0,0,0,118,0,191,137,425,0,0,0,0,0,0,0,255,228,297,346,326,273,359,227,293,216,209,156,145,301,123
Dark-eyed Junco (Slate-colored),Junco hyemalis hyemalis/carolinensis,37,5,1,73,60,20,70,45,30,115,245,65,38,38,65,35,34,28,48,220,230,120,170,93,230,160,86,82,226,284,211,125,65,295,832,207,467,0,191,54,121,285,251,248,145,124,98,0,218,0,0,0,453,507,301,332,250,178,159,0,0,0,0,0,0,0,0,0,0,0,0,0,0,0
diurnal raptor sp.,Accipitriformes/Falconiformes sp.,0,0,0,0,0,0,0,0,0,0,0,0,0,0,0,0,0,0,0,0,0,0,0,0,0,0,0,0,0,0,0,0,0,0,0,0,0,0,0,0,0,0,0,0,0,0,0,0,0,0,0,0,0,0,0,0,0,0,0,1,0,0,0,0,0,0,0,0,0,0,0,0,0,0
Double-crested Cormorant,Phalacrocorax auritus,0,0,0,0,0,0,0,0,0,0,0,0,0,0,0,0,0,0,0,0,0,0,0,0,0,0,0,0,0,0,0,0,0,0,0,0,0,0,0,0,0,0,0,0,1,0,0,0,0,0,1,1,0,0,0,0,0,0,0,0,0,0,2,0,0,10,0,0,0,0,0,0,0,0
Downy Woodpecker,Picoides pubescens,5,2,5,1,4,6,7,10,16,15,19,11,10,11,9,12,6,12,15,12,13,30,28,27,39,42,49,35,63,90,52,49,40,96,95,92,134,80,50,83,72,60,50,99,78,35,58,68,93,62,110,113,112,148,91,92,114,106,93,131,153,146,109,210,143,153,95,113,179,167,124,156,154,93
duck sp.,Anatinae sp.,0,0,0,0,0,0,0,0,0,0,0,0,0,0,0,0,0,0,0,0,0,0,0,0,0,0,0,0,0,0,0,0,0,280,30,0,2,0,0,0,0,24,0,0,85,0,0,0,0,0,0,0,0,0,0,70,0,0,0,0,0,0,0,0,0,0,0,0,23,0,0,0,0,0
Eastern Bluebird,Sialia sialis,0,0,0,0,0,0,0,0,0,0,0,0,0,0,0,0,0,0,0,0,0,0,0,0,1,0,0,0,0,0,0,0,0,0,0,0,0,0,0,0,0,0,0,0,0,0,0,0,0,0,0,0,0,0,0,0,0,0,0,0,0,0,9,0,3,0,4,0,0,0,0,0,3,0
Eastern Phoebe,Sayornis phoebe,0,0,0,0,0,0,0,0,0,0,0,0,0,0,0,0,0,0,0,0,0,0,0,0,0,0,0,0,0,0,0,0,0,0,0,0,0,0,0,0,0,0,0,0,0,0,0,0,0,0,0,1,0,0,0,0,0,0,0,0,0,0,0,0,0,0,0,0,0,0,0,0,0,0
Eastern Screech-Owl,Megascops asio,0,0,0,0,0,0,0,0,0,0,0,0,0,0,0,0,0,0,0,0,0,0,0,0,0,0,0,0,0,0,0,0,0,0,0,0,1,0,0,0,1,0,0,1,0,1,1,2,1,2,0,0,1,2,0,1,0,0,0,1,1,0,0,0,3,0,0,0,0,0,0,0,1,0
European Starling,Sturnus vulgaris,1,190,40,20,90,400,45,95,300,60,196,300,25,50,100,35,35,110,500,12,590,1100,190,710,1400,890,1500,2801,2403,2085,583,496,2466,1249,756,2054,1813,1391,1151,374,976,1302,1174,1248,962,1653,1749,2011,1245,931,973,1186,1258,1430,849,1351,759,2226,1709,1251,2947,2110,622,1670,1131,1451,855,821,891,852,930,692,1213,120
Evening Grosbeak,Coccothraustes vespertinus,0,10,5,0,0,1,0,0,0,1,0,0,0,0,20,0,10,58,0,0,0,0,0,3,0,40,0,86,0,0,6,1,0,0,4,6,0,0,0,0,0,0,0,0,0,0,0,0,0,0,0,0,0,0,0,0,0,0,0,0,0,0,0,0,0,0,0,0,0,0,0,0,0,0
falcon sp.,Falco sp.,0,0,0,0,0,0,0,0,0,0,0,0,0,0,0,0,0,0,0,0,0,0,0,0,0,0,0,0,0,0,0,0,0,0,0,0,0,0,0,0,0,0,0,0,0,0,0,0,0,0,0,0,0,1,0,0,0,0,0,0,0,0,0,0,0,0,0,0,0,0,0,0,0,0
Field Sparrow,Spizella pusilla,0,0,0,0,0,0,0,0,0,0,0,0,0,0,0,0,0,0,0,0,0,0,0,0,0,0,0,0,0,0,0,0,0,1,1,0,0,0,0,0,0,0,0,0,0,0,0,0,0,0,0,0,0,0,0,0,0,0,0,0,0,0,0,0,0,0,0,0,0,0,0,0,0,0
Fox Sparrow,Passerella iliaca,0,0,0,0,0,0,0,0,0,0,0,0,0,0,0,0,0,0,0,0,0,0,0,0,0,0,0,0,0,0,0,0,0,0,0,0,0,0,0,0,0,0,0,0,0,0,0,0,0,0,0,0,0,0,0,0,1,0,1,1,0,0,2,3,0,0,0,0,0,0,0,0,1,0
Gadwall,Anas strepera,0,0,0,0,0,0,0,0,0,0,0,0,0,0,0,0,0,0,0,0,0,0,0,0,0,0,0,0,0,0,0,0,0,0,0,0,0,0,0,0,1,0,0,0,0,0,0,0,1,0,1,0,28,21,1,2,0,1,8,2,18,1,3,10,18,12,10,4,24,27,2,13,17,2
Glaucous Gull,Larus hyperboreus,0,0,0,0,0,0,0,0,0,0,0,0,0,0,0,0,0,0,0,0,0,0,0,0,0,0,0,0,0,0,0,0,0,0,7,0,0,2,0,0,0,0,3,0,0,0,0,0,0,0,0,0,0,0,0,0,0,0,0,0,0,0,0,0,0,0,0,0,0,0,0,0,0,0
Golden-crowned Kinglet,Regulus satrapa,3,0,8,0,0,3,4,8,27,28,15,0,14,15,2,7,5,5,4,0,0,0,0,0,2,0,0,0,1,0,1,0,0,0,0,0,0,0,0,0,1,0,0,0,0,1,0,0,0,0,0,0,0,0,0,0,0,1,0,0,4,0,0,0,0,0,2,1,0,0,0,0,1,0
goose sp.,Anser/Chen/Branta sp.,0,0,0,0,0,0,0,0,0,0,0,0,0,0,0,0,0,0,0,0,0,0,0,0,0,0,0,0,0,0,0,0,0,0,0,0,0,0,0,0,0,0,0,0,0,0,0,0,0,0,0,0,0,0,0,0,0,0,0,0,0,0,0,1,0,0,0,0,0,0,0,0,0,0
Gray Catbird,Dumetella carolinensis,0,0,0,0,0,0,0,0,0,0,0,0,0,0,0,0,0,0,0,0,0,0,0,0,0,0,0,0,0,0,0,0,0,0,0,0,0,0,0,0,0,0,0,0,0,0,0,0,0,0,0,0,0,0,0,0,0,0,0,0,0,0,0,0,0,0,0,0,0,0,0,0,0,0
Gray Jay,Perisoreus canadensis,0,0,0,0,0,0,0,0,0,0,0,0,0,0,0,0,0,0,0,0,0,0,0,0,0,0,0,0,0,0,0,1,0,0,0,0,0,0,0,0,0,0,0,0,0,0,0,0,1,0,0,0,0,0,0,0,0,0,0,0,0,0,0,0,0,0,0,0,0,0,0,0,0,0
Gray Partridge,Perdix perdix,0,0,0,0,7,0,0,0,0,0,0,0,0,0,0,0,0,0,0,0,0,0,0,0,0,0,0,0,0,0,0,0,0,0,0,0,0,0,0,0,0,0,0,0,0,0,0,0,0,0,0,0,0,0,0,0,0,0,0,0,0,0,0,0,0,0,0,0,0,0,0,0,0,0
Great Blue Heron (Blue form),Ardea herodias,0,0,0,0,0,0,0,0,0,0,0,0,0,0,0,0,0,0,0,0,0,0,0,0,0,0,0,0,0,0,0,0,0,0,0,0,0,0,0,0,0,2,2,1,1,12,0,1,2,6,11,9,7,5,11,4,22,6,14,17,18,19,8,11,4,5,13,10,1,2,6,1,1,0
Great Gray Owl,Strix nebulosa,0,0,0,0,0,0,0,0,0,0,0,0,0,0,0,0,0,0,0,0,0,0,0,0,0,0,0,0,0,0,0,0,0,0,0,0,0,0,0,0,0,0,0,0,0,0,0,0,0,0,0,0,0,0,0,0,0,0,0,0,0,0,0,0,0,0,0,0,0,0,0,0,0,0
Great Horned Owl,Bubo virginianus,0,1,0,1,1,0,0,1,0,2,1,0,2,1,0,1,0,2,0,0,3,3,3,0,1,2,1,3,3,1,3,2,0,4,5,4,14,8,7,1,3,3,3,5,6,0,4,0,3,2,1,3,3,3,4,2,2,1,4,6,4,6,2,14,13,7,4,1,8,4,6,17,3,2
Greater Scaup,Aythya marila,0,0,0,0,0,0,0,0,0,0,0,0,0,0,0,0,0,0,0,0,0,0,0,0,0,0,0,0,0,0,0,0,0,0,0,0,0,0,0,0,0,0,1,0,1,0,0,0,0,0,0,0,0,0,0,0,0,0,0,0,0,0,0,0,0,0,0,0,0,0,0,0,1,0
Green-winged Teal,Anas crecca,0,0,0,0,0,0,0,0,0,0,0,0,0,0,0,0,0,0,0,0,0,0,0,0,0,0,0,0,0,1,0,0,0,0,1,0,0,0,1,0,0,0,0,0,0,0,0,0,0,0,0,0,0,0,0,0,0,0,0,0,0,0,0,0,0,0,0,0,0,0,0,0,0,0
Green-winged Teal (American),Anas crecca carolinensis,0,0,0,0,0,0,0,0,0,0,0,0,0,0,0,0,0,0,0,0,0,0,0,0,0,0,0,0,0,0,0,0,0,0,0,0,1,0,0,0,0,0,0,0,0,0,0,0,1,0,0,0,0,0,0,0,0,0,0,0,0,0,0,0,0,0,0,0,0,0,0,0,0,0
gull sp.,Larinae sp.,0,0,0,0,0,0,0,0,0,0,0,0,0,0,0,0,0,0,0,0,0,0,0,0,0,0,0,0,0,0,2,0,0,0,0,1,0,0,0,0,0,0,0,0,0,0,0,0,0,0,1,0,6,0,0,21,0,0,18,0,0,0,0,0,0,0,0,0,0,0,0,0,0,0
Hairy Woodpecker,Picoides villosus,2,2,1,2,3,7,6,8,9,14,14,1,2,4,7,5,4,5,5,7,9,12,16,20,13,30,31,27,32,60,35,56,27,45,72,52,55,56,42,23,54,24,31,68,33,30,36,40,38,32,54,37,41,48,42,45,47,32,46,43,57,70,48,77,73,85,46,55,77,73,43,73,77,35
Harlequin Duck,Histrionicus histrionicus,0,0,0,0,0,0,0,0,0,0,0,0,0,0,0,0,0,0,0,0,0,0,0,0,0,0,0,0,0,0,0,0,0,0,0,0,0,0,0,0,0,0,0,0,0,0,0,0,0,0,0,0,0,0,0,0,0,0,0,0,0,0,0,0,1,0,0,0,0,0,0,0,0,0
Harris's Sparrow,Zonotrichia querula,0,0,0,0,0,0,0,0,0,0,0,0,0,0,0,0,0,0,0,0,0,0,0,0,0,0,0,0,0,0,0,0,0,0,0,0,0,0,0,0,1,0,0,0,0,0,0,0,0,0,0,0,0,0,0,0,0,0,0,0,0,0,0,0,0,0,0,0,0,0,0,0,0,0
hawk sp.,Accipitridae sp.,0,0,0,0,0,0,0,0,0,0,0,0,0,0,0,0,0,0,0,0,0,0,0,0,0,0,0,0,0,0,0,0,0,0,0,0,0,0,0,0,0,0,0,0,0,0,0,0,0,0,0,0,0,0,0,0,0,0,0,0,0,0,0,0,0,0,0,0,0,1,0,0,0,0
Hermit Thrush,Catharus guttatus,0,0,0,0,0,0,0,0,0,0,0,0,0,0,0,0,0,0,0,0,0,0,0,0,0,0,0,0,0,0,0,0,0,0,0,1,1,1,0,0,0,0,0,0,0,0,0,0,1,0,0,0,0,0,0,0,2,1,0,0,0,0,0,0,1,0,0,0,0,0,0,0,1,0
Herring Gull,Larus argentatus,0,0,0,0,0,0,0,0,0,0,0,0,0,0,0,0,0,0,0,0,6,0,0,0,12,0,0,0,122,152,0,0,0,225,213,0,114,77,72,0,8,96,158,56,0,34,11,42,1160,84,37,64,62,12,47,59,15,52,107,44,27,1,5,18,2,13,5,6,1,11,0,0,1,0
Hoary Redpoll,Acanthis hornemanni,0,0,0,0,0,0,0,0,0,0,0,0,0,0,0,0,0,0,0,0,0,0,0,0,2,0,0,0,1,0,0,0,0,0,0,0,0,0,0,0,0,0,0,0,0,0,0,0,0,0,0,0,0,0,0,0,0,0,0,0,0,0,0,0,0,0,0,0,0,0,0,2,0,0
Hooded Merganser,Lophodytes cucullatus,0,0,0,0,0,1,0,3,0,0,0,1,0,0,0,0,0,0,0,0,0,0,0,0,0,0,1,0,0,0,0,0,0,0,1,2,0,0,0,0,0,2,0,1,0,0,0,0,2,1,1,6,3,3,0,13,0,1,1,10,1,5,8,75,11,2,19,1,0,2,1,0,0,0
Horned Lark,Eremophila alpestris,0,0,0,0,0,0,0,0,0,0,0,0,0,0,0,0,0,0,0,0,0,0,0,0,0,0,0,0,0,8,0,0,0,0,0,0,0,0,0,0,0,0,0,0,1,0,0,0,0,0,0,0,0,0,0,0,1,0,0,0,0,0,0,0,0,0,0,0,0,0,0,0,0,0
House Finch,Haemorhous mexicanus,0,0,0,0,0,0,0,0,0,0,0,0,0,0,0,0,0,0,0,0,0,0,0,0,0,0,0,0,0,0,0,0,0,0,0,0,0,0,0,0,0,0,0,8,28,33,88,155,158,114,738,149,213,363,284,164,119,315,206,359,200,161,231,178,256,223,167,115,44,106,56,158,85,163
House Sparrow,Passer domesticus,0,400,15,70,95,250,200,250,300,90,30,55,110,95,150,69,210,200,110,80,510,760,1500,1400,2900,2600,1600,2069,2516,2467,1247,1156,697,897,1651,1702,2216,1965,1362,1004,711,827,1382,2786,2047,2320,1639,1337,1386,1636,2186,1861,1978,1195,923,1322,1703,1943,2052,1090,1030,1563,1452,1769,1785,702,666,1153,1111,907,641,595,422,486
House Wren,Troglodytes aedon,0,0,0,0,0,0,0,0,0,0,0,0,0,0,0,0,0,0,0,0,0,0,0,0,0,0,0,0,0,0,0,0,0,0,0,0,0,0,0,0,0,0,0,0,0,0,0,0,0,0,0,0,0,0,0,0,0,0,0,0,1,0,0,0,0,0,0,0,0,0,0,0,0,0
hummingbird sp.,Trochilidae sp.,0,0,0,0,0,0,0,0,0,0,0,0,0,0,0,0,0,0,0,0,0,0,0,0,0,0,0,0,0,0,0,0,0,0,0,0,0,0,0,0,0,0,0,0,0,0,0,0,0,0,0,0,0,0,0,0,0,0,0,0,1,0,0,0,0,0,0,0,0,0,0,0,0,0
Iceland Gull,Larus glaucoides,0,0,0,0,0,0,0,0,0,0,0,0,0,0,0,0,0,0,0,0,0,0,0,0,0,0,0,0,0,0,0,0,0,0,0,0,0,0,0,0,0,0,0,0,0,0,0,0,0,0,0,0,0,0,0,0,0,0,0,0,0,0,0,0,0,0,0,0,0,0,0,0,0,0
Lapland Longspur,Calcarius lapponicus,0,0,0,0,0,0,0,12,0,3,0,0,0,0,2,0,0,0,0,0,0,0,0,9,0,0,0,0,0,0,0,0,0,0,0,0,0,0,0,0,0,0,0,0,0,0,0,0,0,0,0,0,0,0,0,0,0,0,0,0,0,0,0,0,0,0,0,16,0,0,0,0,0,0
Lesser Scaup,Aythya affinis,0,0,0,0,0,1,0,0,0,0,0,0,0,0,0,0,0,0,0,4,0,1,0,0,0,1,1,0,0,1,0,0,0,0,6,1,0,0,0,0,0,5,1,1,0,0,2,0,0,3,0,0,7,1,1,3,1,0,1,0,1,0,0,1,2,10,0,2,0,1,0,4,0,1
Lincoln's Sparrow,Melospiza lincolnii,0,0,0,0,0,0,0,0,0,0,0,0,0,0,0,0,0,0,0,0,0,0,0,0,0,0,0,0,0,0,0,0,0,0,0,0,0,0,0,0,0,0,0,0,0,0,0,0,0,0,0,0,0,0,0,0,0,0,0,0,0,0,0,0,0,0,0,0,0,0,0,1,0,0
Long-eared Owl,Asio otus,1,0,0,0,0,0,0,0,0,0,0,0,0,0,0,0,0,0,0,0,0,0,0,0,0,0,0,0,0,0,0,0,0,0,0,0,0,0,0,0,0,0,0,0,0,0,0,0,0,0,0,0,0,0,0,0,0,0,0,0,0,0,0,1,0,0,0,0,0,0,0,0,0,0
Mallard,Anas platyrhynchos,0,0,2,1,5,0,5,4,0,0,9,24,5,0,0,0,0,0,0,11,4,270,74,100,320,730,1300,1632,1172,2728,1578,4982,1116,2492,2094,5073,6789,3102,1902,3000,3100,3971,2975,3838,1984,4054,3470,3887,7422,12468,5363,5435,9506,12594,6272,4165,4526,7170,8000,4822,5049,5488,5359,4864,3580,3264,2811,2936,1995,2607,1722,2770,3245,1521
Mallard (Domestic type),Anas platyrhynchos (Domestic type),0,0,0,0,0,0,0,0,0,0,0,0,0,0,0,0,0,0,0,0,0,0,0,0,0,0,0,0,0,0,0,0,0,0,0,0,0,0,0,0,0,1,0,0,0,0,0,0,0,0,0,0,0,3,3,0,0,1,0,2,0,0,0,0,0,1,2,0,0,0,0,0,0,0
Merlin,Falco columbarius,0,0,0,0,0,0,0,0,0,0,0,0,0,0,0,0,0,0,0,0,0,0,0,0,0,0,0,0,0,0,0,0,0,0,0,0,0,0,0,0,0,0,0,0,0,0,0,0,1,0,0,0,0,0,0,0,0,0,0,0,2,0,2,0,1,0,2,1,3,1,2,0,1,0
Mourning Dove,Zenaida macroura,0,0,0,0,0,0,0,0,0,0,0,0,0,0,0,0,6,0,0,0,1,1,1,16,19,5,32,3,20,51,88,25,0,1,24,19,51,81,53,49,226,37,38,25,34,11,22,24,59,78,60,73,40,47,22,49,39,48,27,22,59,101,34,43,21,35,89,30,41,119,16,29,28,37
Northern Cardinal,Cardinalis cardinalis,5,1,0,7,8,8,4,8,13,6,25,5,19,24,10,14,8,11,7,7,36,26,44,46,54,44,38,23,47,49,42,33,12,60,92,57,82,124,76,23,70,73,64,103,71,114,71,96,140,89,146,111,181,109,116,103,116,129,147,200,218,176,179,280,205,149,210,150,128,137,107,136,230,119
Northern Flicker,Colaptes auratus,0,0,0,0,0,0,0,0,0,0,0,0,0,0,0,0,0,0,0,0,0,0,0,0,0,0,0,0,0,0,0,0,0,0,0,0,0,0,1,0,0,0,0,0,0,0,0,0,0,0,0,0,0,0,0,0,0,0,0,7,5,5,14,6,6,2,0,0,0,6,1,6,14,2
Northern Flicker (Yellow-shafted),Colaptes auratus auratus/luteus,0,0,0,0,0,0,0,0,0,0,0,0,0,1,0,0,1,0,0,0,1,0,0,0,0,1,0,1,0,2,0,0,0,4,2,0,0,0,0,0,3,0,0,0,2,1,2,0,0,0,0,0,0,0,5,3,4,5,1,0,0,0,0,0,0,0,9,4,10,0,0,0,0,0
Northern Goshawk,Accipiter gentilis,0,0,0,0,0,0,0,0,0,0,0,0,0,0,0,1,0,0,1,2,2,0,0,0,0,0,0,1,0,1,0,0,0,0,0,0,1,0,0,0,0,0,0,0,0,0,0,0,5,1,3,0,0,0,0,2,0,1,1,0,0,0,0,0,0,0,0,0,0,0,0,0,0,0
Northern Goshawk (American),Accipiter gentilis atricapillus/laingi,0,2,2,3,1,0,2,0,1,0,1,0,0,0,1,0,0,0,0,0,0,0,0,0,0,0,0,0,0,0,0,0,0,0,0,0,0,0,0,0,0,0,0,0,0,0,0,0,0,0,0,0,0,0,0,0,0,0,0,0,0,0,0,0,0,0,0,0,0,0,0,0,0,0
Northern Harrier,Circus cyaneus,0,0,0,0,0,0,0,0,0,0,0,0,0,0,0,0,0,0,0,0,0,0,0,0,0,0,1,0,0,1,0,0,0,0,0,0,1,0,0,0,0,0,0,0,0,0,0,0,0,0,0,0,0,2,0,0,0,0,0,0,0,1,0,0,0,0,0,0,0,1,0,1,0,0
Northern Mockingbird,Mimus polyglottos,0,0,0,0,0,0,0,0,0,0,0,0,0,0,0,0,0,0,0,0,0,0,0,0,0,0,0,0,1,0,0,0,0,0,0,0,0,0,0,0,0,0,0,0,0,0,0,0,0,0,0,0,0,0,0,0,0,0,0,0,0,0,0,0,0,0,0,0,0,0,0,0,0,0
Northern Pintail,Anas acuta,0,0,0,0,0,0,0,0,0,0,0,0,0,0,0,0,0,0,0,0,0,0,0,0,0,1,0,0,1,2,1,0,0,0,1,0,0,0,0,0,1,0,0,1,0,0,0,0,0,0,0,0,2,0,6,0,0,0,0,0,0,0,0,2,0,0,0,0,0,1,4,0,0,0
Northern Saw-whet Owl,Aegolius acadicus,0,0,0,0,0,0,0,0,0,0,0,0,0,0,0,0,0,0,0,0,0,0,0,0,0,0,0,0,0,0,0,0,0,0,0,0,0,0,0,0,0,0,0,0,0,0,0,0,0,0,0,0,0,0,0,0,0,0,0,0,0,0,0,0,0,0,0,1,0,2,1,0,0,0
Northern Shoveler,Anas clypeata,0,0,0,0,0,0,0,0,0,0,0,0,0,0,0,0,0,0,0,0,0,0,0,0,0,0,1,0,0,0,0,0,0,0,1,0,0,0,0,0,0,0,0,0,0,0,0,0,0,1,0,0,7,12,0,6,0,0,0,0,0,1,0,0,0,0,0,0,0,0,1,0,0,0
Northern Shrike,Lanius excubitor,0,0,0,1,1,0,0,0,0,1,1,2,0,0,2,1,0,0,0,0,1,1,2,3,2,2,3,2,4,1,1,3,0,1,2,3,1,4,0,1,0,1,0,3,0,1,0,2,1,1,2,5,1,4,5,2,3,7,2,3,6,8,0,1,10,3,4,3,4,2,1,3,3,6
owl sp.,Strigiformes sp.,0,0,0,0,0,0,0,0,0,0,0,0,0,0,0,0,0,0,0,0,0,0,0,0,0,0,0,0,0,0,0,0,0,0,1,0,0,1,0,0,0,0,0,0,0,0,0,0,0,0,0,0,0,0,0,0,0,0,0,0,0,0,0,0,0,0,0,0,0,0,0,0,0,0
Pacific/Winter Wren,Troglodytes pacificus/hiemalis,0,0,0,0,0,0,0,0,1,0,0,0,0,0,0,0,0,0,0,0,0,0,0,0,0,0,0,0,0,0,0,0,0,0,0,0,0,0,0,0,0,0,0,0,0,0,0,0,0,0,0,0,0,0,0,0,0,0,0,0,0,0,0,0,0,0,0,0,0,0,0,0,0,0
Peregrine Falcon,Falco peregrinus,0,0,0,0,0,0,0,0,0,0,0,0,0,0,0,0,0,0,0,0,0,0,0,0,0,0,0,0,0,0,0,0,0,0,0,0,0,0,0,0,0,0,0,1,0,2,2,0,2,3,1,2,2,2,2,3,3,6,4,4,4,3,1,4,2,5,0,5,3,1,3,4,3,2
Pheucticus sp.,Pheucticus sp.,0,0,0,0,0,0,0,0,0,0,0,0,0,0,0,0,0,0,0,0,0,0,0,0,0,0,0,0,0,0,0,0,0,0,0,0,0,0,0,0,0,0,0,0,0,0,0,0,0,0,0,0,0,0,0,0,0,0,1,0,0,0,0,0,0,0,0,0,0,0,0,0,0,0
Pied-billed Grebe,Podilymbus podiceps,0,0,0,0,0,0,0,0,0,0,0,0,0,0,0,0,0,0,0,0,0,0,0,0,0,0,0,0,0,0,0,1,0,0,0,0,0,0,0,0,1,0,0,0,0,0,0,0,1,1,0,1,0,0,0,0,1,0,0,0,2,1,0,0,0,0,0,0,0,0,1,0,0,0
Pileated Woodpecker,Dryocopus pileatus,0,0,0,0,0,1,0,0,1,2,2,0,1,0,2,1,1,0,2,1,0,1,6,0,1,2,2,5,3,2,2,9,1,10,6,10,6,7,7,2,2,5,0,4,5,0,5,4,4,3,2,7,7,3,5,6,4,2,7,8,5,13,7,8,9,10,8,5,9,16,12,6,22,19
Pine Grosbeak,Pinicola enucleator,0,0,2,0,0,0,0,17,0,0,30,15,0,12,0,2,0,4,0,0,18,0,0,30,6,0,1,4,14,0,0,0,0,2,0,0,0,0,0,7,0,0,0,0,0,0,0,0,0,0,0,0,0,0,0,0,0,0,0,0,0,0,0,0,0,0,0,0,0,0,0,0,0,0
Pine Siskin,Spinus pinus,0,0,0,0,0,0,0,0,0,2,0,0,3,0,0,0,11,0,0,2,1,25,0,0,87,0,2,23,36,0,30,2,6,2,213,13,0,168,97,8,40,106,18,161,80,10,32,1,3,54,1,14,0,0,0,0,0,1,0,1,0,1,42,0,75,0,50,0,2,2,0,8,61,0
Prairie Falcon,Falco mexicanus,0,0,0,0,0,0,0,0,0,0,0,0,0,0,0,0,0,0,0,0,0,0,0,0,0,0,0,0,0,0,0,0,0,0,0,0,0,0,0,0,0,0,0,0,0,1,0,0,0,0,0,1,0,0,0,0,0,0,0,0,0,0,0,0,0,0,0,0,0,0,0,0,0,0
Purple Finch,Haemorhous purpureus,5,3,0,0,0,0,0,2,15,12,66,43,35,15,6,40,25,3,24,30,27,7,0,13,53,35,41,17,10,20,41,7,3,7,59,13,21,70,0,6,3,22,2,1,2,1,0,0,0,0,0,0,1,1,0,1,1,3,6,0,0,0,0,0,0,0,0,0,1,1,1,0,3,0
Red-bellied Woodpecker,Melanerpes carolinus,0,0,0,0,0,0,0,0,2,2,3,0,0,0,0,0,0,1,3,0,1,2,3,1,2,5,4,6,9,11,10,5,2,4,9,8,6,14,14,2,4,1,1,5,14,3,9,5,9,9,11,5,17,21,22,14,21,14,26,17,27,34,28,33,53,40,43,42,51,51,55,56,92,32
Red-breasted Merganser,Mergus serrator,0,0,0,0,0,0,0,0,0,0,0,0,0,0,0,0,0,0,0,0,0,0,0,0,0,0,0,0,0,0,0,0,0,0,0,0,0,0,0,0,0,0,0,0,0,0,0,0,0,0,0,0,0,0,0,0,0,0,0,3,2,0,0,2,0,0,0,0,4,0,0,0,0,0
Red-breasted Nuthatch,Sitta canadensis,0,1,0,0,2,2,0,12,2,8,27,3,4,65,0,2,0,15,16,1,18,1,1,25,15,6,1,8,3,8,2,0,0,0,4,10,18,11,1,6,5,4,0,5,4,1,5,13,4,25,1,33,1,15,1,9,6,6,7,2,7,26,1,6,3,2,4,3,1,5,0,4,15,1
Red-headed Woodpecker,Melanerpes erythrocephalus,0,1,0,0,0,0,0,0,0,0,2,0,0,1,0,0,2,0,0,0,0,0,0,0,1,0,0,0,2,0,0,0,0,0,0,0,0,0,0,0,0,0,6,0,0,0,0,0,0,0,0,0,0,0,0,0,0,0,0,0,0,0,0,0,0,0,0,0,0,0,0,0,0,0
Red-shouldered Hawk,Buteo lineatus,0,0,0,0,0,0,0,0,0,0,0,0,0,0,0,0,0,0,0,0,1,0,0,0,0,0,0,0,0,0,0,0,0,0,0,0,0,0,0,0,1,0,0,0,0,0,0,0,0,0,0,2,0,1,2,0,0,0,0,1,0,1,0,0,0,0,0,0,1,0,1,0,0,0
Red-tailed Hawk,Buteo jamaicensis,0,0,0,0,0,0,0,2,0,2,3,3,1,1,1,0,1,0,1,1,4,6,5,1,7,9,15,5,8,9,5,0,7,9,8,7,9,7,12,9,10,4,11,18,10,14,9,10,22,19,20,22,22,50,29,33,23,21,35,61,43,46,20,53,69,50,44,33,55,41,32,38,40,26
Red-tailed Hawk (Harlan's),Buteo jamaicensis harlani,0,0,0,0,0,0,0,0,0,0,0,0,0,0,0,0,0,0,0,0,1,0,0,0,0,0,0,0,0,0,0,0,0,0,0,0,0,0,0,0,0,0,0,0,0,0,0,0,0,0,0,0,0,0,0,0,0,0,0,0,0,0,0,0,0,0,0,0,0,0,0,0,0,0
Red-winged Blackbird,Agelaius phoeniceus,0,1,75,1,0,0,0,0,2,0,0,0,0,2,200,0,2,0,0,0,0,0,0,0,0,3,60,81,145,123,36,0,0,44,0,0,0,0,0,0,0,5,1,0,0,0,1,0,0,0,1,0,0,2,0,0,1,0,0,0,1,0,0,0,0,40,1,1,0,0,0,0,1,0
Red Crossbill,Loxia curvirostra,0,0,0,0,2,0,0,0,0,0,4,0,0,1,0,0,35,0,0,0,0,0,0,0,12,0,0,0,4,0,0,0,0,0,0,7,0,0,1,0,0,0,0,0,0,0,0,0,0,0,0,0,0,0,0,0,0,0,0,0,0,0,0,0,0,0,0,0,0,0,0,0,0,0
Redhead,Aythya americana,0,0,0,0,0,0,0,0,0,0,0,0,0,0,0,0,0,0,0,0,0,0,0,0,0,1,0,0,0,1,0,0,0,0,0,0,0,0,0,0,0,0,5,0,0,0,0,0,1,0,0,0,0,0,0,0,0,0,0,0,0,0,0,1,1,0,0,1,0,0,3,1,0,0
redpoll sp.,Acanthis sp.,0,1,55,0,0,0,0,0,0,0,0,0,0,0,0,0,0,0,0,0,0,0,0,0,0,0,0,0,0,0,0,0,0,0,0,0,0,0,0,0,0,0,0,0,0,0,0,0,0,0,0,0,0,0,0,0,0,0,0,0,0,0,0,0,0,0,0,0,0,0,0,0,0,0
Ring-billed Gull,Larus delawarensis,0,0,0,0,0,0,0,0,0,0,0,0,0,0,0,0,0,0,0,0,1,0,0,0,0,0,0,0,1,0,0,0,0,10,1,0,5,0,0,0,0,10,1,0,0,147,19,42,172,1,0,154,876,524,15,1284,30,554,417,59,44,2,0,51,16,78,241,7,5,106,0,2,5,0
Ring-necked Duck,Aythya collaris,0,0,0,0,0,0,0,0,0,0,0,0,0,0,0,0,0,0,0,1,0,0,0,0,0,0,0,0,0,0,1,0,0,0,0,0,0,1,0,0,0,0,0,0,0,0,0,0,0,1,0,1,1,1,0,38,1,2,1,1,3,0,6,3,3,5,5,1,9,0,7,9,7,3
Ring-necked Pheasant,Phasianus colchicus,0,12,2,44,7,18,30,32,23,7,35,45,22,6,5,6,2,9,10,26,51,140,160,210,110,140,220,122,94,235,174,110,146,109,127,282,134,144,16,24,26,29,23,15,12,22,6,3,5,12,4,2,6,4,1,3,5,3,0,1,0,5,1,12,4,0,0,1,0,0,1,0,0,4
Rock Pigeon (Feral Pigeon),Columba livia (Feral Pigeon),0,0,0,0,0,0,0,0,0,0,0,0,0,0,0,0,0,0,0,0,0,0,0,0,0,0,0,0,935,1019,794,882,53,993,3304,1238,1936,1011,1982,278,949,1097,1720,1358,1810,2567,6352,3230,1854,4514,2367,2906,3478,3744,2396,1618,1609,2550,4709,2154,6695,3844,1696,1646,1642,2031,1824,1641,1935,2279,2040,1568,1941,804
Rose-breasted Grosbeak,Pheucticus ludovicianus,0,0,0,0,0,0,0,0,0,0,0,0,0,0,0,0,0,0,0,0,0,0,0,0,0,0,0,0,0,0,0,0,0,0,0,0,0,0,0,0,0,0,0,0,0,0,0,0,0,0,0,0,0,0,0,0,0,0,0,0,0,0,0,0,0,1,0,0,0,0,0,0,0,0
Rough-legged Hawk,Buteo lagopus,0,0,0,1,0,0,0,0,0,0,0,0,0,0,0,0,0,0,1,1,2,0,2,1,0,0,1,1,1,2,1,0,0,1,0,1,0,0,0,0,0,0,1,0,3,0,1,0,3,1,0,0,1,2,4,0,1,0,2,1,1,1,0,1,0,1,1,0,6,0,1,1,1,2
Ruby-crowned Kinglet,Regulus calendula,0,0,0,0,0,0,0,0,0,0,0,0,0,0,0,0,0,0,0,0,0,0,0,0,0,1,0,0,0,1,0,0,0,0,0,0,0,0,0,0,0,0,0,0,0,0,0,0,0,0,0,0,0,0,0,0,0,0,0,0,0,0,0,0,0,0,0,0,0,0,0,0,0,0
Ruddy Duck,Oxyura jamaicensis,0,0,0,0,0,0,0,0,0,0,0,0,0,0,0,0,0,0,0,0,0,0,0,0,0,0,0,0,0,0,0,0,0,0,0,0,0,0,0,0,0,1,0,1,0,0,0,0,0,0,0,0,1,0,0,0,0,0,0,1,0,0,1,0,0,0,0,0,0,0,0,0,0,0
Ruffed Grouse,Bonasa umbellus,0,0,0,0,0,0,0,0,2,3,3,1,3,3,0,0,2,0,1,1,0,0,0,0,2,0,1,3,2,7,3,1,0,4,1,3,2,1,4,0,0,0,0,0,0,0,0,0,0,0,0,0,0,0,0,0,0,0,0,0,0,0,0,0,0,0,0,0,0,0,0,0,0,0
Rusty Blackbird,Euphagus carolinus,0,0,0,0,14,0,0,2,0,0,0,0,0,0,0,0,0,0,0,0,5,2,0,0,1,1,0,0,0,3,0,0,0,0,4,0,0,0,1,0,0,0,0,0,1,3,0,13,21,0,0,1,0,0,0,0,0,0,0,0,0,0,0,0,0,0,0,0,0,0,0,0,0,0
Sandhill Crane,Grus canadensis,0,0,0,0,0,0,0,0,0,0,0,0,0,0,0,0,0,0,0,0,0,0,0,0,0,0,0,0,0,0,0,0,0,0,0,0,0,0,0,0,0,0,0,0,0,0,0,0,0,0,0,0,0,0,0,0,0,0,0,0,0,0,0,0,0,0,0,0,0,0,0,0,0,0
screech-owl sp.,Megascops sp.,1,0,0,0,0,0,0,0,0,0,1,0,0,0,0,0,0,0,1,0,1,0,1,0,1,0,0,0,0,0,0,0,0,0,6,4,0,0,0,0,0,0,0,0,0,0,0,0,0,0,0,0,0,0,0,0,0,0,0,0,0,0,0,0,0,0,0,0,0,0,0,0,0,0
Sharp-shinned Hawk,Accipiter striatus,0,0,0,0,0,0,0,0,0,0,1,0,0,0,0,0,1,0,0,0,0,0,0,0,0,0,0,0,0,0,2,0,0,0,0,0,0,0,0,0,0,0,0,0,2,0,1,0,1,1,2,2,1,0,3,1,0,4,0,7,2,1,1,2,5,1,1,2,4,2,0,1,4,0
Sharp-tailed Grouse,Tympanuchus phasianellus,0,0,0,0,0,0,0,0,0,0,0,0,0,0,0,0,0,2,0,0,0,0,0,0,0,0,0,0,0,0,0,0,0,0,0,0,0,0,0,0,0,0,0,0,0,0,0,0,0,0,0,0,0,0,0,0,0,0,0,0,0,0,0,0,0,0,0,0,0,0,0,0,0,0
Snow Bunting,Plectrophenax nivalis,0,0,0,0,0,0,0,0,1,0,0,0,3,0,0,0,0,0,0,0,0,10,0,48,0,0,0,0,17,0,0,0,0,10,27,0,0,0,0,0,0,0,0,0,0,0,0,30,3,12,0,0,0,0,165,0,0,0,0,0,0,0,0,0,0,0,0,0,0,0,0,0,0,0
Snow Goose,Chen caerulescens,0,0,0,0,0,0,0,0,0,0,0,0,0,0,0,0,0,0,0,0,0,0,0,0,0,0,0,0,0,0,0,1,0,0,0,0,0,0,0,0,1,0,0,0,0,0,125,0,0,0,0,0,1,1,0,0,2,0,0,0,0,0,0,0,0,0,0,0,0,0,0,0,0,0
Snowy Owl,Bubo scandiacus,0,0,0,0,0,0,0,0,0,0,0,1,0,0,0,0,0,0,0,0,0,0,0,0,0,0,0,0,0,0,0,0,0,0,4,0,0,0,0,1,0,0,0,0,0,0,0,0,0,0,1,0,0,0,0,0,0,0,1,0,0,0,0,0,0,0,0,0,0,0,0,0,0,0
Song Sparrow,Melospiza melodia,0,0,0,0,0,0,0,0,1,0,0,1,0,0,0,0,0,0,0,0,0,1,0,1,4,4,0,1,1,3,3,0,0,10,2,0,0,7,1,0,5,0,1,1,0,2,0,1,0,1,0,0,0,0,4,3,1,0,0,1,0,0,0,0,2,2,0,1,0,0,0,0,2,0
sparrow sp.,Emberizidae sp. (sparrow sp.),0,0,0,0,0,0,0,0,0,0,0,0,0,0,0,0,0,0,0,0,0,0,0,0,0,0,0,0,0,0,0,0,0,0,34,0,0,0,0,0,0,10,0,0,0,0,0,0,0,0,1,0,0,0,0,0,0,0,0,0,0,0,0,0,0,0,0,0,0,0,0,0,0,0
Spinus sp. (goldfinch sp.),Spinus sp. (goldfinch sp.),0,80,10,0,0,0,0,0,0,0,0,0,0,0,0,0,0,0,0,0,0,0,0,0,0,0,0,0,0,0,0,0,0,0,0,0,0,0,0,0,0,0,0,0,0,0,0,0,0,0,0,0,0,0,0,0,0,0,0,0,0,0,0,0,0,0,0,0,0,0,0,0,0,0
Spotted Towhee,Pipilo maculatus,0,0,0,0,0,0,0,0,0,0,0,0,0,0,0,0,0,0,0,0,0,0,0,0,0,0,0,0,0,0,0,0,0,0,0,0,0,0,0,0,0,0,0,0,0,0,0,0,0,0,0,0,0,0,0,0,0,0,0,0,0,0,0,0,0,0,0,0,0,0,0,1,0,0
Spotted/Eastern Towhee (Rufous-sided Towhee),Pipilo maculatus/erythrophthalmus,0,0,0,0,0,0,0,0,0,0,0,0,0,0,0,0,0,0,0,0,0,0,0,0,0,1,0,0,0,0,0,0,0,0,0,0,0,0,0,0,0,0,0,0,0,0,0,0,0,0,0,0,0,0,0,0,0,0,0,0,0,0,0,0,0,0,0,0,0,0,0,0,0,0
Swainson's Thrush,Catharus ustulatus,0,0,0,0,0,0,0,0,0,0,0,0,0,0,0,0,0,0,0,0,0,0,0,0,0,0,0,0,1,0,0,0,0,0,0,0,0,0,0,0,0,0,0,0,0,0,0,0,0,0,0,0,0,0,0,0,0,0,0,0,0,0,0,0,0,0,0,0,0,0,0,0,0,0
Swamp Sparrow,Melospiza georgiana,0,0,0,0,0,0,0,0,0,0,0,0,0,0,0,0,0,0,0,0,0,0,0,0,0,0,0,0,0,0,0,0,0,0,0,0,0,0,0,0,0,0,0,0,0,0,0,0,0,0,0,0,0,0,0,0,0,0,0,0,0,0,0,0,0,0,0,0,0,0,0,0,1,0
swan sp.,Cygnus sp.,0,0,0,0,0,0,0,0,0,0,0,0,0,0,0,0,0,0,0,0,0,0,0,0,0,0,0,0,0,0,0,0,0,0,0,0,0,0,0,0,0,0,0,0,0,0,0,0,0,0,2,0,2,0,0,0,0,0,0,0,0,0,0,0,0,0,0,0,0,0,0,0,0,0
Thayer's Gull,Larus thayeri,0,0,0,0,0,0,0,0,0,0,0,0,0,0,0,0,0,0,0,0,0,0,0,0,0,0,0,0,0,0,0,0,0,0,1,0,0,0,0,0,0,0,0,0,0,0,0,0,0,0,0,0,0,0,0,0,0,0,0,0,0,0,0,0,0,0,0,0,0,0,0,0,0,0
Townsend's Solitaire,Myadestes townsendi,0,0,0,0,0,0,0,0,0,0,0,0,0,0,0,0,0,0,0,0,0,0,0,0,0,0,0,0,0,0,0,0,0,0,0,0,0,0,0,0,0,0,0,0,0,0,0,0,0,0,0,0,0,0,0,0,0,0,0,0,0,0,0,0,0,0,0,1,0,0,0,0,0,0
Trumpeter Swan,Cygnus buccinator,0,0,0,0,0,0,0,0,0,0,0,0,0,0,0,0,0,0,0,0,0,0,0,0,0,0,0,0,0,0,0,0,0,0,0,0,0,0,0,0,0,0,0,0,0,0,0,0,0,0,0,0,0,0,0,0,0,0,0,3,0,13,29,29,16,42,53,84,18,96,46,84,32,77
Tufted Titmouse,Baeolophus bicolor,0,0,0,2,0,0,0,0,1,4,2,3,2,2,5,0,0,4,5,1,0,5,13,1,0,1,0,0,0,4,0,0,0,0,3,0,0,0,2,0,0,0,0,0,0,0,0,0,0,0,0,1,0,0,0,0,0,0,0,0,0,0,0,0,0,0,0,0,0,1,0,0,0,0
Tundra Swan,Cygnus columbianus,0,0,0,0,0,0,0,0,0,0,0,0,0,0,0,0,0,0,0,0,0,0,0,0,0,0,0,0,0,0,0,0,0,0,0,0,0,0,0,0,0,0,0,0,0,2,0,0,0,0,0,0,0,0,0,0,0,0,0,0,0,0,0,0,0,0,0,0,2,0,0,0,0,0
Turkey Vulture,Cathartes aura,0,0,0,0,0,0,0,0,0,0,0,0,0,0,0,0,0,0,0,0,0,0,0,0,0,0,0,0,0,0,0,0,0,0,0,0,0,0,0,0,0,0,0,0,0,0,0,0,0,0,0,0,0,0,0,0,0,0,0,0,0,0,0,0,0,0,0,0,0,0,0,0,1,0
Varied Thrush,Ixoreus naevius,0,0,0,0,0,0,0,0,0,0,0,0,0,0,0,0,0,0,0,0,1,0,0,0,0,0,0,0,0,0,0,0,0,0,0,0,0,0,0,0,0,0,0,0,0,0,0,0,0,0,0,0,0,0,0,0,0,0,0,0,0,0,0,0,0,0,0,0,0,0,0,0,0,0
White-breasted Nuthatch,Sitta carolinensis,5,7,3,1,6,6,10,8,27,26,18,14,20,14,12,15,14,19,0,19,49,52,78,36,65,55,87,79,90,161,103,108,52,104,169,118,196,121,82,33,173,96,76,127,78,81,74,100,88,78,114,119,114,125,86,124,136,143,92,131,185,168,74,241,162,176,121,118,149,221,174,173,258,96
White-crowned Sparrow,Zonotrichia leucophrys,0,0,0,0,0,0,0,0,0,0,0,0,0,0,0,0,0,0,0,0,0,0,0,0,0,0,0,0,0,0,0,0,0,0,0,0,0,0,0,0,0,0,0,0,0,0,0,0,0,0,0,0,0,0,0,0,0,0,0,0,0,0,0,0,0,0,0,0,0,0,0,0,0,0
White-throated Sparrow,Zonotrichia albicollis,4,0,0,0,0,0,0,0,0,0,0,0,0,0,0,0,0,0,0,0,0,2,0,0,2,2,0,2,0,4,1,2,0,0,1,0,6,1,1,0,0,0,0,4,3,4,0,3,0,7,1,4,2,0,4,0,8,3,1,6,12,0,0,4,11,3,0,2,4,0,1,0,19,3
White-winged Crossbill,Loxia leucoptera,0,0,0,0,0,0,0,0,0,0,0,0,0,15,0,0,0,0,0,0,5,0,0,0,0,0,20,0,20,0,0,0,0,0,0,2,0,0,0,0,0,1,0,28,0,0,0,0,0,0,0,22,0,0,0,0,0,0,0,0,0,0,0,0,0,0,0,0,0,0,0,0,0,0
Wild Turkey,Meleagris gallopavo,0,0,0,0,0,0,0,0,0,0,0,0,0,0,0,0,0,0,0,0,0,0,0,0,0,0,0,0,0,0,0,0,0,0,0,0,0,0,0,0,0,0,0,0,0,0,0,0,0,0,0,0,0,1,3,14,4,21,6,15,34,46,51,31,67,75,85,30,22,66,46,43,48,51
Wilson's Snipe,Gallinago delicata,0,0,0,0,0,0,0,0,0,0,0,0,0,0,0,0,0,0,0,0,0,0,0,0,0,0,0,0,0,0,0,0,0,0,0,0,0,0,0,0,0,0,0,0,0,0,0,0,0,0,0,0,0,0,0,0,0,0,0,0,0,0,0,0,0,0,0,0,0,0,0,0,0,0
Wilson's/Common Snipe,Gallinago delicata/gallinago,0,0,0,0,0,0,1,2,1,0,1,0,2,0,0,0,0,0,0,0,0,1,0,0,1,1,0,1,0,1,0,1,0,0,0,1,1,0,1,1,1,1,4,1,1,0,2,0,0,0,0,0,0,0,0,0,0,0,0,0,0,0,0,0,0,0,0,0,0,0,0,0,0,0
Winter Wren,Troglodytes hiemalis,0,0,0,0,0,0,0,0,0,0,0,0,0,0,0,0,0,0,0,0,0,0,0,0,0,0,0,0,0,0,0,0,0,0,0,0,0,0,0,0,0,0,0,0,0,0,0,0,0,0,0,0,0,0,0,0,0,0,0,0,0,0,0,0,0,0,0,0,0,0,0,0,1,0
Wood Duck,Aix sponsa,0,0,0,0,0,0,0,0,0,0,0,0,0,0,0,0,2,0,0,0,0,0,0,0,7,2,6,3,5,10,9,0,0,5,1,0,2,0,1,0,1,1,0,0,0,2,6,2,1,4,0,4,4,2,1,2,3,4,0,3,4,1,0,0,0,0,0,1,0,1,0,3,1,0
Yellow-bellied Sapsucker,Sphyrapicus varius,0,0,0,0,0,0,0,0,0,0,0,0,0,1,0,0,0,0,0,0,0,0,0,0,0,0,0,1,0,0,0,0,0,0,0,0,0,0,0,0,1,0,0,0,0,0,0,0,0,0,0,0,0,0,0,0,0,1,0,0,0,2,2,0,0,0,0,0,0,0,0,0,0,0
Yellow-rumped Warbler (Myrtle),Setophaga coronata coronata,0,0,0,0,0,0,0,0,0,0,0,0,0,0,0,0,0,0,0,0,0,0,1,0,0,0,0,0,0,0,0,0,0,0,0,0,0,0,0,0,0,0,0,0,0,0,0,0,1,0,0,0,0,0,0,1,0,0,0,0,0,0,0,1,0,0,1,0,0,0,0,0,0,0
